Precinct	Votes	votes|Anna M. Valencia	pct|Anna M. Valencia
01001	179	179	100.00
01002	147	147	100.00
01003	194	194	100.00
01004	186	186	100.00
01005	163	163	100.00
01006	165	165	100.00
01007	127	127	100.00
01008	133	133	100.00
01009	153	153	100.00
01010	190	190	100.00
01011	198	198	100.00
01012	222	222	100.00
01013	110	110	100.00
01014	177	177	100.00
01015	152	152	100.00
01016	240	240	100.00
01017	184	184	100.00
01018	193	193	100.00
01019	186	186	100.00
01020	146	146	100.00
01021	180	180	100.00
01022	102	102	100.00
01023	259	259	100.00
01024	139	139	100.00
01025	165	165	100.00
01026	113	113	100.00
01027	174	174	100.00
01028	49	49	100.00
01029	246	246	100.00
01030	223	223	100.00
01031	181	181	100.00
01032	184	184	100.00
01033	200	200	100.00
01034	150	150	100.00
01035	240	240	100.00
01036	183	183	100.00
01037	173	173	100.00
01038	142	142	100.00
01039	158	158	100.00
01040	166	166	100.00
01041	132	132	100.00
01042	59	59	100.00
01043	109	109	100.00
01044	162	162	100.00
02001	173	173	100.00
02002	132	132	100.00
02003	187	187	100.00
02004	134	134	100.00
02005	188	188	100.00
02006	157	157	100.00
02007	146	146	100.00
02008	203	203	100.00
02009	114	114	100.00
02010	139	139	100.00
02011	232	232	100.00
02012	137	137	100.00
02013	179	179	100.00
02014	206	206	100.00
02015	172	172	100.00
02016	148	148	100.00
02017	242	242	100.00
02018	139	139	100.00
02019	126	126	100.00
02020	155	155	100.00
02021	206	206	100.00
02022	181	181	100.00
02023	133	133	100.00
02024	148	148	100.00
02025	188	188	100.00
02026	125	125	100.00
02027	124	124	100.00
02028	157	157	100.00
02029	133	133	100.00
02030	151	151	100.00
02031	207	207	100.00
02032	87	87	100.00
02033	274	274	100.00
02034	186	186	100.00
02035	154	154	100.00
02036	154	154	100.00
02037	160	160	100.00
02038	142	142	100.00
02039	138	138	100.00
02040	143	143	100.00
02041	115	115	100.00
02042	123	123	100.00
02043	157	157	100.00
02044	114	114	100.00
02045	135	135	100.00
02046	72	72	100.00
03001	100	100	100.00
03002	144	144	100.00
03003	120	120	100.00
03004	137	137	100.00
03005	64	64	100.00
03006	244	244	100.00
03007	77	77	100.00
03008	58	58	100.00
03009	117	117	100.00
03010	32	32	100.00
03011	92	92	100.00
03012	97	97	100.00
03013	254	254	100.00
03014	180	180	100.00
03015	80	80	100.00
03016	79	79	100.00
03017	171	171	100.00
03018	142	142	100.00
03019	202	202	100.00
03020	83	83	100.00
03021	186	186	100.00
03022	244	244	100.00
03023	70	70	100.00
03024	83	83	100.00
03025	288	288	100.00
03026	249	249	100.00
03027	240	240	100.00
03028	66	66	100.00
03029	82	82	100.00
03030	77	77	100.00
03031	93	93	100.00
03032	191	191	100.00
03033	207	207	100.00
03034	209	209	100.00
03035	49	49	100.00
03036	37	37	100.00
03037	67	67	100.00
03038	96	96	100.00
03039	269	269	100.00
03040	99	99	100.00
03041	117	117	100.00
04001	222	222	100.00
04002	227	227	100.00
04003	48	48	100.00
04004	189	189	100.00
04005	110	110	100.00
04006	102	102	100.00
04007	132	132	100.00
04008	86	86	100.00
04009	112	112	100.00
04010	136	136	100.00
04011	65	65	100.00
04012	94	94	100.00
04013	161	161	100.00
04014	104	104	100.00
04015	138	138	100.00
04016	288	288	100.00
04017	233	233	100.00
04018	99	99	100.00
04019	51	51	100.00
04020	190	190	100.00
04021	182	182	100.00
04022	175	175	100.00
04023	221	221	100.00
04024	110	110	100.00
04025	231	231	100.00
04026	142	142	100.00
04027	200	200	100.00
04028	73	73	100.00
04029	56	56	100.00
04030	90	90	100.00
04031	72	72	100.00
04032	104	104	100.00
04033	139	139	100.00
04034	91	91	100.00
04035	101	101	100.00
04036	137	137	100.00
04037	312	312	100.00
04038	108	108	100.00
05001	56	56	100.00
05002	43	43	100.00
05003	206	206	100.00
05004	152	152	100.00
05005	79	79	100.00
05006	71	71	100.00
05007	104	104	100.00
05008	210	210	100.00
05009	174	174	100.00
05010	63	63	100.00
05011	177	177	100.00
05012	39	39	100.00
05013	71	71	100.00
05014	81	81	100.00
05015	115	115	100.00
05016	65	65	100.00
05017	63	63	100.00
05018	134	134	100.00
05019	176	176	100.00
05020	180	180	100.00
05021	174	174	100.00
05022	203	203	100.00
05023	263	263	100.00
05024	196	196	100.00
05025	85	85	100.00
05026	72	72	100.00
05027	204	204	100.00
05028	103	103	100.00
05029	98	98	100.00
05030	47	47	100.00
05031	48	48	100.00
05032	105	105	100.00
05033	71	71	100.00
05034	226	226	100.00
05035	212	212	100.00
05036	35	35	100.00
05037	224	224	100.00
05038	60	60	100.00
05039	157	157	100.00
05040	60	60	100.00
05041	119	119	100.00
06001	74	74	100.00
06002	54	54	100.00
06003	75	75	100.00
06004	63	63	100.00
06005	43	43	100.00
06006	78	78	100.00
06007	40	40	100.00
06008	49	49	100.00
06009	52	52	100.00
06010	44	44	100.00
06011	46	46	100.00
06012	30	30	100.00
06013	56	56	100.00
06014	53	53	100.00
06015	45	45	100.00
06016	58	58	100.00
06017	33	33	100.00
06018	39	39	100.00
06019	62	62	100.00
06020	27	27	100.00
06021	15	15	100.00
06022	47	47	100.00
06023	37	37	100.00
06024	28	28	100.00
06025	29	29	100.00
06026	28	28	100.00
06027	34	34	100.00
06028	27	27	100.00
06029	59	59	100.00
06030	51	51	100.00
06031	71	71	100.00
06032	65	65	100.00
06033	59	59	100.00
06034	81	81	100.00
06035	58	58	100.00
06036	75	75	100.00
06037	72	72	100.00
06038	75	75	100.00
06039	48	48	100.00
06040	60	60	100.00
06041	59	59	100.00
06042	90	90	100.00
06043	51	51	100.00
06044	46	46	100.00
06045	67	67	100.00
06046	32	32	100.00
06047	46	46	100.00
06048	67	67	100.00
07001	52	52	100.00
07002	49	49	100.00
07003	62	62	100.00
07004	62	62	100.00
07005	61	61	100.00
07006	93	93	100.00
07007	51	51	100.00
07008	63	63	100.00
07009	101	101	100.00
07010	79	79	100.00
07011	50	50	100.00
07012	61	61	100.00
07013	32	32	100.00
07014	61	61	100.00
07015	71	71	100.00
07016	35	35	100.00
07017	44	44	100.00
07018	64	64	100.00
07019	56	56	100.00
07020	43	43	100.00
07021	55	55	100.00
07022	58	58	100.00
07023	86	86	100.00
07024	45	45	100.00
07025	54	54	100.00
07026	57	57	100.00
07027	34	34	100.00
07028	46	46	100.00
07029	47	47	100.00
07030	45	45	100.00
07031	55	55	100.00
07032	81	81	100.00
07033	99	99	100.00
07034	68	68	100.00
07035	129	129	100.00
07036	86	86	100.00
07037	81	81	100.00
07038	50	50	100.00
07039	53	53	100.00
07040	49	49	100.00
07041	50	50	100.00
07042	54	54	100.00
07043	70	70	100.00
07044	39	39	100.00
07045	51	51	100.00
07046	37	37	100.00
08001	61	61	100.00
08002	60	60	100.00
08003	117	117	100.00
08004	118	118	100.00
08005	93	93	100.00
08006	116	116	100.00
08007	89	89	100.00
08008	103	103	100.00
08009	49	49	100.00
08010	103	103	100.00
08011	63	63	100.00
08012	97	97	100.00
08013	77	77	100.00
08014	42	42	100.00
08015	62	62	100.00
08016	16	16	100.00
08017	78	78	100.00
08018	48	48	100.00
08019	127	127	100.00
08020	108	108	100.00
08021	118	118	100.00
08022	69	69	100.00
08023	96	96	100.00
08024	43	43	100.00
08025	90	90	100.00
08026	68	68	100.00
08027	94	94	100.00
08028	62	62	100.00
08029	133	133	100.00
08030	80	80	100.00
08031	54	54	100.00
08032	64	64	100.00
08033	77	77	100.00
08034	77	77	100.00
08035	84	84	100.00
08036	75	75	100.00
08037	78	78	100.00
08038	62	62	100.00
08039	81	81	100.00
08040	62	62	100.00
08041	97	97	100.00
08042	72	72	100.00
08043	43	43	100.00
08044	41	41	100.00
08045	47	47	100.00
08046	71	71	100.00
08047	56	56	100.00
08048	72	72	100.00
08049	89	89	100.00
08050	101	101	100.00
08051	90	90	100.00
08052	107	107	100.00
08053	38	38	100.00
08054	54	54	100.00
08055	69	69	100.00
08056	84	84	100.00
09001	48	48	100.00
09002	45	45	100.00
09003	38	38	100.00
09004	58	58	100.00
09005	50	50	100.00
09006	56	56	100.00
09007	54	54	100.00
09008	50	50	100.00
09009	60	60	100.00
09010	47	47	100.00
09011	39	39	100.00
09012	50	50	100.00
09013	71	71	100.00
09014	72	72	100.00
09015	35	35	100.00
09016	50	50	100.00
09017	45	45	100.00
09018	46	46	100.00
09019	51	51	100.00
09020	57	57	100.00
09021	55	55	100.00
09022	59	59	100.00
09023	64	64	100.00
09024	65	65	100.00
09025	59	59	100.00
09026	48	48	100.00
09027	49	49	100.00
09028	35	35	100.00
09029	44	44	100.00
09030	46	46	100.00
09031	45	45	100.00
09032	43	43	100.00
09033	41	41	100.00
09034	43	43	100.00
09035	55	55	100.00
09036	45	45	100.00
09037	182	182	100.00
09038	48	48	100.00
09039	51	51	100.00
09040	62	62	100.00
09041	44	44	100.00
09042	72	72	100.00
09043	39	39	100.00
09044	52	52	100.00
09045	46	46	100.00
09046	89	89	100.00
09047	60	60	100.00
09048	51	51	100.00
09049	83	83	100.00
09050	66	66	100.00
09051	59	59	100.00
10001	74	74	100.00
10002	169	169	100.00
10003	179	179	100.00
10004	73	73	100.00
10005	151	151	100.00
10006	140	140	100.00
10007	115	115	100.00
10008	35	35	100.00
10009	147	147	100.00
10010	194	194	100.00
10011	170	170	100.00
10012	116	116	100.00
10013	133	133	100.00
10014	218	218	100.00
10015	111	111	100.00
10016	109	109	100.00
10017	217	217	100.00
10018	53	53	100.00
10019	192	192	100.00
10020	167	167	100.00
10021	156	156	100.00
10022	79	79	100.00
10023	162	162	100.00
10024	162	162	100.00
10025	40	40	100.00
10026	93	93	100.00
10027	71	71	100.00
10028	175	175	100.00
10029	123	123	100.00
10030	148	148	100.00
10031	96	96	100.00
10032	174	174	100.00
10033	114	114	100.00
10034	80	80	100.00
10035	223	223	100.00
10036	28	28	100.00
11001	169	169	100.00
11002	6	6	100.00
11003	173	173	100.00
11004	163	163	100.00
11005	198	198	100.00
11006	203	203	100.00
11007	131	131	100.00
11008	159	159	100.00
11009	145	145	100.00
11010	171	171	100.00
11011	159	159	100.00
11012	284	284	100.00
11013	212	212	100.00
11014	79	79	100.00
11015	56	56	100.00
11016	102	102	100.00
11017	215	215	100.00
11018	163	163	100.00
11019	227	227	100.00
11020	140	140	100.00
11021	274	274	100.00
11022	201	201	100.00
11023	139	139	100.00
11024	261	261	100.00
11025	246	246	100.00
11026	257	257	100.00
11027	51	51	100.00
11028	92	92	100.00
11029	257	257	100.00
11030	75	75	100.00
11031	197	197	100.00
11032	99	99	100.00
11033	194	194	100.00
11034	54	54	100.00
11035	70	70	100.00
11036	76	76	100.00
11037	54	54	100.00
11038	81	81	100.00
12001	181	181	100.00
12002	147	147	100.00
12003	268	268	100.00
12004	168	168	100.00
12005	181	181	100.00
12006	175	175	100.00
12007	147	147	100.00
12008	215	215	100.00
12009	157	157	100.00
12010	161	161	100.00
12011	147	147	100.00
12012	133	133	100.00
12013	154	154	100.00
12014	112	112	100.00
12015	128	128	100.00
12016	119	119	100.00
12017	157	157	100.00
12018	120	120	100.00
12019	163	163	100.00
12020	157	157	100.00
12021	152	152	100.00
12022	132	132	100.00
12023	176	176	100.00
13001	166	166	100.00
13002	175	175	100.00
13003	137	137	100.00
13004	211	211	100.00
13005	182	182	100.00
13006	206	206	100.00
13007	153	153	100.00
13008	124	124	100.00
13009	149	149	100.00
13010	172	172	100.00
13011	201	201	100.00
13012	139	139	100.00
13013	219	219	100.00
13014	132	132	100.00
13015	252	252	100.00
13016	91	91	100.00
13017	179	179	100.00
13018	151	151	100.00
13019	188	188	100.00
13020	123	123	100.00
13021	226	226	100.00
13022	221	221	100.00
13023	130	130	100.00
13024	163	163	100.00
13025	154	154	100.00
13026	185	185	100.00
13027	184	184	100.00
13028	128	128	100.00
13029	141	141	100.00
13030	143	143	100.00
13031	219	219	100.00
13032	174	174	100.00
13033	205	205	100.00
13034	247	247	100.00
13035	191	191	100.00
13036	103	103	100.00
13037	184	184	100.00
13038	175	175	100.00
13039	183	183	100.00
13040	169	169	100.00
13041	191	191	100.00
13042	212	212	100.00
13043	181	181	100.00
13044	304	304	100.00
13045	264	264	100.00
13046	265	265	100.00
13047	226	226	100.00
13048	215	215	100.00
14001	241	241	100.00
14002	217	217	100.00
14003	131	131	100.00
14004	174	174	100.00
14005	203	203	100.00
14006	89	89	100.00
14007	163	163	100.00
14008	159	159	100.00
14009	214	214	100.00
14010	93	93	100.00
14011	123	123	100.00
14012	168	168	100.00
14013	165	165	100.00
14014	178	178	100.00
14015	162	162	100.00
14016	118	118	100.00
14017	136	136	100.00
14018	77	77	100.00
14019	141	141	100.00
14020	89	89	100.00
14021	133	133	100.00
14022	183	183	100.00
14023	133	133	100.00
14024	284	284	100.00
14025	79	79	100.00
14026	107	107	100.00
14027	164	164	100.00
14028	109	109	100.00
14029	132	132	100.00
14030	82	82	100.00
14031	79	79	100.00
15001	151	151	100.00
15002	26	26	100.00
15003	37	37	100.00
15004	155	155	100.00
15005	136	136	100.00
15006	134	134	100.00
15007	38	38	100.00
15008	133	133	100.00
15009	208	208	100.00
15010	202	202	100.00
15011	192	192	100.00
15012	167	167	100.00
15013	141	141	100.00
15014	121	121	100.00
15015	131	131	100.00
15016	142	142	100.00
15017	40	40	100.00
15018	33	33	100.00
15019	99	99	100.00
15020	40	40	100.00
15021	28	28	100.00
15022	55	55	100.00
15023	39	39	100.00
15024	20	20	100.00
16001	135	135	100.00
16002	44	44	100.00
16003	32	32	100.00
16004	34	34	100.00
16005	19	19	100.00
16006	46	46	100.00
16007	43	43	100.00
16008	27	27	100.00
16009	42	42	100.00
16010	31	31	100.00
16011	49	49	100.00
16012	30	30	100.00
16013	59	59	100.00
16014	33	33	100.00
16015	44	44	100.00
16016	39	39	100.00
16017	48	48	100.00
16018	59	59	100.00
16019	39	39	100.00
16020	34	34	100.00
16021	35	35	100.00
16022	39	39	100.00
16023	73	73	100.00
16024	28	28	100.00
16025	57	57	100.00
16026	49	49	100.00
16027	39	39	100.00
16028	44	44	100.00
16029	41	41	100.00
16030	39	39	100.00
16031	53	53	100.00
16032	100	100	100.00
16033	36	36	100.00
16034	47	47	100.00
16035	82	82	100.00
16036	35	35	100.00
17001	90	90	100.00
17002	37	37	100.00
17003	45	45	100.00
17004	60	60	100.00
17005	39	39	100.00
17006	51	51	100.00
17007	60	60	100.00
17008	45	45	100.00
17009	38	38	100.00
17010	49	49	100.00
17011	36	36	100.00
17012	96	96	100.00
17013	48	48	100.00
17014	80	80	100.00
17015	56	56	100.00
17016	69	69	100.00
17017	49	49	100.00
17018	63	63	100.00
17019	23	23	100.00
17020	60	60	100.00
17021	90	90	100.00
17022	34	34	100.00
17023	33	33	100.00
17024	59	59	100.00
17025	42	42	100.00
17026	54	54	100.00
17027	50	50	100.00
17028	36	36	100.00
17029	46	46	100.00
17030	68	68	100.00
17031	34	34	100.00
17032	30	30	100.00
17033	36	36	100.00
17034	32	32	100.00
17035	30	30	100.00
17036	51	51	100.00
17037	58	58	100.00
17038	38	38	100.00
17039	50	50	100.00
17040	56	56	100.00
17041	65	65	100.00
18001	82	82	100.00
18002	103	103	100.00
18003	107	107	100.00
18004	110	110	100.00
18005	35	35	100.00
18006	126	126	100.00
18007	89	89	100.00
18008	99	99	100.00
18009	79	79	100.00
18010	115	115	100.00
18011	71	71	100.00
18012	75	75	100.00
18013	77	77	100.00
18014	92	92	100.00
18015	102	102	100.00
18016	82	82	100.00
18017	88	88	100.00
18018	77	77	100.00
18019	58	58	100.00
18020	56	56	100.00
18021	117	117	100.00
18022	136	136	100.00
18023	70	70	100.00
18024	121	121	100.00
18025	153	153	100.00
18026	105	105	100.00
18027	55	55	100.00
18028	148	148	100.00
18029	108	108	100.00
18030	138	138	100.00
18031	103	103	100.00
18032	58	58	100.00
18033	48	48	100.00
18034	108	108	100.00
18035	98	98	100.00
18036	121	121	100.00
18037	106	106	100.00
18038	80	80	100.00
18039	64	64	100.00
18040	117	117	100.00
18041	133	133	100.00
18042	81	81	100.00
18043	96	96	100.00
18044	165	165	100.00
18045	99	99	100.00
18046	155	155	100.00
18047	59	59	100.00
18048	65	65	100.00
18049	50	50	100.00
18050	46	46	100.00
19001	213	213	100.00
19002	229	229	100.00
19003	173	173	100.00
19004	257	257	100.00
19005	198	198	100.00
19006	214	214	100.00
19007	163	163	100.00
19008	220	220	100.00
19009	186	186	100.00
19010	189	189	100.00
19011	185	185	100.00
19012	174	174	100.00
19013	118	118	100.00
19014	160	160	100.00
19015	264	264	100.00
19016	228	228	100.00
19017	179	179	100.00
19018	251	251	100.00
19019	243	243	100.00
19020	120	120	100.00
19021	177	177	100.00
19022	248	248	100.00
19023	218	218	100.00
19024	162	162	100.00
19025	189	189	100.00
19026	208	208	100.00
19027	129	129	100.00
19028	100	100	100.00
19029	173	173	100.00
19030	170	170	100.00
19031	196	196	100.00
19032	170	170	100.00
19033	193	193	100.00
19034	190	190	100.00
19035	192	192	100.00
19036	155	155	100.00
19037	184	184	100.00
19038	121	121	100.00
19039	27	27	100.00
19040	173	173	100.00
19041	191	191	100.00
19042	115	115	100.00
19043	125	125	100.00
19044	161	161	100.00
19045	223	223	100.00
19046	241	241	100.00
19047	178	178	100.00
19048	79	79	100.00
19049	135	135	100.00
19050	162	162	100.00
19051	228	228	100.00
19052	203	203	100.00
19053	201	201	100.00
19054	166	166	100.00
19055	162	162	100.00
19056	219	219	100.00
19057	141	141	100.00
20001	62	62	100.00
20002	22	22	100.00
20003	42	42	100.00
20004	27	27	100.00
20005	69	69	100.00
20006	28	28	100.00
20007	54	54	100.00
20008	51	51	100.00
20009	113	113	100.00
20010	35	35	100.00
20011	81	81	100.00
20012	27	27	100.00
20013	65	65	100.00
20014	37	37	100.00
20015	98	98	100.00
20016	86	86	100.00
20017	61	61	100.00
20018	37	37	100.00
20019	56	56	100.00
20020	70	70	100.00
20021	48	48	100.00
20022	90	90	100.00
20023	54	54	100.00
20024	114	114	100.00
20025	35	35	100.00
20026	89	89	100.00
20027	24	24	100.00
20028	35	35	100.00
20029	81	81	100.00
20030	27	27	100.00
20031	57	57	100.00
20032	44	44	100.00
20033	41	41	100.00
20034	154	154	100.00
20035	43	43	100.00
20036	12	12	100.00
20037	15	15	100.00
20038	9	9	100.00
20039	5	5	100.00
21001	60	60	100.00
21002	37	37	100.00
21003	48	48	100.00
21004	43	43	100.00
21005	56	56	100.00
21006	40	40	100.00
21007	50	50	100.00
21008	59	59	100.00
21009	69	69	100.00
21010	34	34	100.00
21011	58	58	100.00
21012	50	50	100.00
21013	51	51	100.00
21014	58	58	100.00
21015	44	44	100.00
21016	49	49	100.00
21017	40	40	100.00
21018	59	59	100.00
21019	55	55	100.00
21020	45	45	100.00
21021	46	46	100.00
21022	55	55	100.00
21023	41	41	100.00
21024	55	55	100.00
21025	50	50	100.00
21026	47	47	100.00
21027	57	57	100.00
21028	64	64	100.00
21029	65	65	100.00
21030	34	34	100.00
21031	78	78	100.00
21032	49	49	100.00
21033	45	45	100.00
21034	46	46	100.00
21035	70	70	100.00
21036	63	63	100.00
21037	43	43	100.00
21038	57	57	100.00
21039	47	47	100.00
21040	46	46	100.00
21041	53	53	100.00
21042	65	65	100.00
21043	50	50	100.00
21044	46	46	100.00
21045	43	43	100.00
21046	66	66	100.00
21047	54	54	100.00
21048	45	45	100.00
21049	60	60	100.00
21050	46	46	100.00
21051	49	49	100.00
21052	47	47	100.00
21053	54	54	100.00
21054	55	55	100.00
22001	51	51	100.00
22002	172	172	100.00
22003	166	166	100.00
22004	94	94	100.00
22005	115	115	100.00
22006	98	98	100.00
22007	92	92	100.00
22008	162	162	100.00
22009	96	96	100.00
22010	157	157	100.00
22011	102	102	100.00
22012	114	114	100.00
22013	108	108	100.00
22014	96	96	100.00
22015	94	94	100.00
22016	101	101	100.00
22017	127	127	100.00
22018	110	110	100.00
22019	30	30	100.00
22020	93	93	100.00
22021	50	50	100.00
22022	107	107	100.00
22023	68	68	100.00
22024	138	138	100.00
22025	116	116	100.00
23001	166	166	100.00
23002	142	142	100.00
23003	155	155	100.00
23004	172	172	100.00
23005	141	141	100.00
23006	161	161	100.00
23007	115	115	100.00
23008	167	167	100.00
23009	104	104	100.00
23010	160	160	100.00
23011	150	150	100.00
23012	176	176	100.00
23013	91	91	100.00
23014	145	145	100.00
23015	106	106	100.00
23016	162	162	100.00
23017	72	72	100.00
23018	124	124	100.00
23019	90	90	100.00
23020	75	75	100.00
23021	175	175	100.00
23022	164	164	100.00
23023	158	158	100.00
23024	102	102	100.00
23025	102	102	100.00
23026	150	150	100.00
23027	167	167	100.00
23028	169	169	100.00
23029	157	157	100.00
23030	155	155	100.00
23031	103	103	100.00
23032	135	135	100.00
23033	113	113	100.00
23034	94	94	100.00
23035	124	124	100.00
23036	162	162	100.00
23037	195	195	100.00
23038	150	150	100.00
23039	149	149	100.00
24001	37	37	100.00
24002	51	51	100.00
24003	60	60	100.00
24004	38	38	100.00
24005	24	24	100.00
24006	55	55	100.00
24007	84	84	100.00
24008	20	20	100.00
24009	56	56	100.00
24010	30	30	100.00
24011	53	53	100.00
24012	28	28	100.00
24013	22	22	100.00
24014	42	42	100.00
24015	23	23	100.00
24016	149	149	100.00
24017	34	34	100.00
24018	56	56	100.00
24019	67	67	100.00
24020	33	33	100.00
24021	15	15	100.00
24022	50	50	100.00
24023	45	45	100.00
24024	51	51	100.00
24025	41	41	100.00
24026	92	92	100.00
24027	54	54	100.00
24028	42	42	100.00
24029	35	35	100.00
24030	41	41	100.00
24031	66	66	100.00
24032	17	17	100.00
24033	39	39	100.00
24034	52	52	100.00
24035	58	58	100.00
24036	58	58	100.00
24037	15	15	100.00
24038	59	59	100.00
24039	80	80	100.00
24040	49	49	100.00
24041	26	26	100.00
25001	175	175	100.00
25002	216	216	100.00
25003	206	206	100.00
25004	99	99	100.00
25005	246	246	100.00
25006	59	59	100.00
25007	214	214	100.00
25008	223	223	100.00
25009	186	186	100.00
25010	205	205	100.00
25011	185	185	100.00
25012	219	219	100.00
25013	222	222	100.00
25014	79	79	100.00
25015	177	177	100.00
25016	182	182	100.00
25017	227	227	100.00
25018	98	98	100.00
25019	219	219	100.00
25020	58	58	100.00
25021	233	233	100.00
25022	172	172	100.00
25023	240	240	100.00
25024	245	245	100.00
25025	185	185	100.00
25026	198	198	100.00
25027	144	144	100.00
25028	203	203	100.00
25029	103	103	100.00
25030	179	179	100.00
25031	189	189	100.00
25032	164	164	100.00
26001	143	143	100.00
26002	133	133	100.00
26003	149	149	100.00
26004	76	76	100.00
26005	105	105	100.00
26006	131	131	100.00
26007	138	138	100.00
26008	67	67	100.00
26009	109	109	100.00
26010	110	110	100.00
26011	147	147	100.00
26012	121	121	100.00
26013	56	56	100.00
26014	107	107	100.00
26015	62	62	100.00
26016	53	53	100.00
26017	112	112	100.00
26018	92	92	100.00
26019	60	60	100.00
26020	131	131	100.00
26021	134	134	100.00
26022	44	44	100.00
26023	97	97	100.00
26024	101	101	100.00
26025	119	119	100.00
26026	77	77	100.00
26027	168	168	100.00
26028	206	206	100.00
26029	73	73	100.00
26030	119	119	100.00
26031	55	55	100.00
26032	161	161	100.00
26033	133	133	100.00
26034	174	174	100.00
26035	144	144	100.00
26036	146	146	100.00
26037	125	125	100.00
26038	60	60	100.00
26039	128	128	100.00
26040	93	93	100.00
26041	132	132	100.00
26042	104	104	100.00
26043	83	83	100.00
26044	73	73	100.00
26045	52	52	100.00
26046	91	91	100.00
26047	62	62	100.00
26048	113	113	100.00
26049	63	63	100.00
27001	236	236	100.00
27002	122	122	100.00
27003	51	51	100.00
27004	56	56	100.00
27005	67	67	100.00
27006	101	101	100.00
27007	189	189	100.00
27008	54	54	100.00
27009	66	66	100.00
27010	93	93	100.00
27011	138	138	100.00
27012	95	95	100.00
27013	126	126	100.00
27014	33	33	100.00
27015	49	49	100.00
27016	121	121	100.00
27017	91	91	100.00
27018	47	47	100.00
27019	36	36	100.00
27020	48	48	100.00
27021	115	115	100.00
27022	38	38	100.00
27023	65	65	100.00
27024	66	66	100.00
27025	103	103	100.00
27026	84	84	100.00
27027	126	126	100.00
27028	102	102	100.00
27029	57	57	100.00
27030	32	32	100.00
27031	53	53	100.00
27032	101	101	100.00
27033	112	112	100.00
27034	75	75	100.00
27035	163	163	100.00
27036	97	97	100.00
27037	184	184	100.00
27038	135	135	100.00
27039	88	88	100.00
27040	154	154	100.00
27041	88	88	100.00
27042	68	68	100.00
27043	59	59	100.00
27044	56	56	100.00
27045	207	207	100.00
27046	119	119	100.00
27047	95	95	100.00
27048	132	132	100.00
27049	66	66	100.00
27050	74	74	100.00
28001	26	26	100.00
28002	52	52	100.00
28003	35	35	100.00
28004	83	83	100.00
28005	49	49	100.00
28006	85	85	100.00
28007	43	43	100.00
28008	108	108	100.00
28009	51	51	100.00
28010	116	116	100.00
28011	185	185	100.00
28012	42	42	100.00
28013	49	49	100.00
28014	46	46	100.00
28015	12	12	100.00
28016	28	28	100.00
28017	39	39	100.00
28018	53	53	100.00
28019	110	110	100.00
28020	36	36	100.00
28021	34	34	100.00
28022	49	49	100.00
28023	56	56	100.00
28024	60	60	100.00
28025	60	60	100.00
28026	41	41	100.00
28027	145	145	100.00
28028	174	174	100.00
28029	27	27	100.00
28030	9	9	100.00
28031	116	116	100.00
28032	39	39	100.00
28033	47	47	100.00
28034	67	67	100.00
28035	42	42	100.00
28036	32	32	100.00
28037	43	43	100.00
28038	22	22	100.00
28039	33	33	100.00
28040	63	63	100.00
28041	27	27	100.00
28042	37	37	100.00
28043	59	59	100.00
28044	31	31	100.00
28045	116	116	100.00
28046	227	227	100.00
29001	172	172	100.00
29002	75	75	100.00
29003	59	59	100.00
29004	80	80	100.00
29005	47	47	100.00
29006	42	42	100.00
29007	82	82	100.00
29008	37	37	100.00
29009	170	170	100.00
29010	180	180	100.00
29011	40	40	100.00
29012	103	103	100.00
29013	66	66	100.00
29014	55	55	100.00
29015	77	77	100.00
29016	101	101	100.00
29017	84	84	100.00
29018	80	80	100.00
29019	62	62	100.00
29020	67	67	100.00
29021	78	78	100.00
29022	66	66	100.00
29023	145	145	100.00
29024	68	68	100.00
29025	76	76	100.00
29026	88	88	100.00
29027	62	62	100.00
29028	67	67	100.00
29029	131	131	100.00
29030	185	185	100.00
29031	123	123	100.00
29032	131	131	100.00
29033	80	80	100.00
29034	72	72	100.00
29035	43	43	100.00
29036	61	61	100.00
29037	46	46	100.00
29038	126	126	100.00
29039	137	137	100.00
29040	77	77	100.00
29041	49	49	100.00
29042	49	49	100.00
29043	133	133	100.00
29044	83	83	100.00
30001	162	162	100.00
30002	169	169	100.00
30003	131	131	100.00
30004	118	118	100.00
30005	98	98	100.00
30006	145	145	100.00
30007	159	159	100.00
30008	178	178	100.00
30009	117	117	100.00
30010	160	160	100.00
30011	138	138	100.00
30012	110	110	100.00
30013	145	145	100.00
30014	74	74	100.00
30015	163	163	100.00
30016	68	68	100.00
30017	168	168	100.00
30018	167	167	100.00
30019	117	117	100.00
30020	161	161	100.00
30021	121	121	100.00
30022	192	192	100.00
30023	149	149	100.00
30024	191	191	100.00
30025	197	197	100.00
30026	86	86	100.00
30027	116	116	100.00
30028	157	157	100.00
30029	71	71	100.00
30030	60	60	100.00
30031	94	94	100.00
30032	131	131	100.00
31001	89	89	100.00
31002	75	75	100.00
31003	111	111	100.00
31004	156	156	100.00
31005	121	121	100.00
31006	68	68	100.00
31007	154	154	100.00
31008	60	60	100.00
31009	79	79	100.00
31010	77	77	100.00
31011	71	71	100.00
31012	95	95	100.00
31013	85	85	100.00
31014	79	79	100.00
31015	87	87	100.00
31016	126	126	100.00
31017	84	84	100.00
31018	80	80	100.00
31019	88	88	100.00
31020	82	82	100.00
31021	97	97	100.00
31022	70	70	100.00
31023	96	96	100.00
31024	100	100	100.00
31025	70	70	100.00
31026	106	106	100.00
31027	115	115	100.00
31028	74	74	100.00
31029	105	105	100.00
31030	61	61	100.00
31031	72	72	100.00
31032	66	66	100.00
31033	68	68	100.00
31034	94	94	100.00
31035	97	97	100.00
31036	123	123	100.00
31037	87	87	100.00
31038	67	67	100.00
31039	115	115	100.00
31040	92	92	100.00
31041	88	88	100.00
32001	195	195	100.00
32002	168	168	100.00
32003	239	239	100.00
32004	174	174	100.00
32005	173	173	100.00
32006	171	171	100.00
32007	153	153	100.00
32008	182	182	100.00
32009	157	157	100.00
32010	156	156	100.00
32011	196	196	100.00
32012	150	150	100.00
32013	162	162	100.00
32014	230	230	100.00
32015	169	169	100.00
32016	163	163	100.00
32017	211	211	100.00
32018	150	150	100.00
32019	168	168	100.00
32020	195	195	100.00
32021	240	240	100.00
32022	247	247	100.00
32023	184	184	100.00
32024	112	112	100.00
32025	192	192	100.00
32026	238	238	100.00
32027	199	199	100.00
32028	204	204	100.00
32029	201	201	100.00
32030	153	153	100.00
32031	185	185	100.00
32032	203	203	100.00
32033	178	178	100.00
32034	182	182	100.00
32035	157	157	100.00
32036	176	176	100.00
32037	139	139	100.00
32038	148	148	100.00
32039	201	201	100.00
32040	204	204	100.00
32041	184	184	100.00
32042	142	142	100.00
32043	196	196	100.00
33001	232	232	100.00
33002	269	269	100.00
33003	276	276	100.00
33004	266	266	100.00
33005	173	173	100.00
33006	175	175	100.00
33007	213	213	100.00
33008	341	341	100.00
33009	242	242	100.00
33010	188	188	100.00
33011	229	229	100.00
33012	200	200	100.00
33013	184	184	100.00
33014	95	95	100.00
33015	200	200	100.00
33016	260	260	100.00
33017	233	233	100.00
33018	262	262	100.00
33019	223	223	100.00
33020	220	220	100.00
33021	237	237	100.00
33022	196	196	100.00
33023	261	261	100.00
33024	325	325	100.00
33025	245	245	100.00
33026	157	157	100.00
33027	206	206	100.00
33028	205	205	100.00
34001	85	85	100.00
34002	68	68	100.00
34003	58	58	100.00
34004	33	33	100.00
34005	45	45	100.00
34006	68	68	100.00
34007	102	102	100.00
34008	47	47	100.00
34009	42	42	100.00
34010	57	57	100.00
34011	47	47	100.00
34012	70	70	100.00
34013	52	52	100.00
34014	57	57	100.00
34015	41	41	100.00
34016	44	44	100.00
34017	92	92	100.00
34018	48	48	100.00
34019	69	69	100.00
34020	95	95	100.00
34021	86	86	100.00
34022	71	71	100.00
34023	42	42	100.00
34024	58	58	100.00
34025	91	91	100.00
34026	65	65	100.00
34027	51	51	100.00
34028	56	56	100.00
34029	44	44	100.00
34030	72	72	100.00
34031	34	34	100.00
34032	63	63	100.00
34033	65	65	100.00
34034	69	69	100.00
34035	56	56	100.00
34036	78	78	100.00
34037	31	31	100.00
34038	20	20	100.00
34039	63	63	100.00
34040	75	75	100.00
34041	33	33	100.00
34042	66	66	100.00
34043	95	95	100.00
34044	63	63	100.00
34045	67	67	100.00
34046	50	50	100.00
34047	57	57	100.00
34048	86	86	100.00
34049	59	59	100.00
34050	45	45	100.00
34051	83	83	100.00
34052	55	55	100.00
34053	36	36	100.00
35001	193	193	100.00
35002	242	242	100.00
35003	115	115	100.00
35004	173	173	100.00
35005	147	147	100.00
35006	159	159	100.00
35007	163	163	100.00
35008	185	185	100.00
35009	147	147	100.00
35010	231	231	100.00
35011	198	198	100.00
35012	87	87	100.00
35013	77	77	100.00
35014	106	106	100.00
35015	204	204	100.00
35016	105	105	100.00
35017	183	183	100.00
35018	117	117	100.00
35019	81	81	100.00
35020	141	141	100.00
35021	173	173	100.00
35022	182	182	100.00
35023	161	161	100.00
35024	158	158	100.00
35025	184	184	100.00
35026	137	137	100.00
35027	117	117	100.00
35028	169	169	100.00
35029	127	127	100.00
35030	136	136	100.00
35031	165	165	100.00
36001	136	136	100.00
36002	82	82	100.00
36003	101	101	100.00
36004	87	87	100.00
36005	102	102	100.00
36006	92	92	100.00
36007	168	168	100.00
36008	93	93	100.00
36009	81	81	100.00
36010	145	145	100.00
36011	74	74	100.00
36012	69	69	100.00
36013	73	73	100.00
36014	136	136	100.00
36015	135	135	100.00
36016	154	154	100.00
36017	174	174	100.00
36018	141	141	100.00
36019	98	98	100.00
36020	133	133	100.00
36021	84	84	100.00
36022	72	72	100.00
36023	76	76	100.00
36024	127	127	100.00
36025	104	104	100.00
36026	135	135	100.00
36027	109	109	100.00
36028	131	131	100.00
36029	125	125	100.00
36030	118	118	100.00
37001	32	32	100.00
37002	59	59	100.00
37003	55	55	100.00
37004	70	70	100.00
37005	57	57	100.00
37006	61	61	100.00
37007	63	63	100.00
37008	40	40	100.00
37009	64	64	100.00
37010	82	82	100.00
37011	41	41	100.00
37012	69	69	100.00
37013	45	45	100.00
37014	66	66	100.00
37015	78	78	100.00
37016	73	73	100.00
37017	66	66	100.00
37018	53	53	100.00
37019	29	29	100.00
37020	56	56	100.00
37021	79	79	100.00
37022	67	67	100.00
37023	49	49	100.00
37024	78	78	100.00
37025	60	60	100.00
37026	87	87	100.00
37027	64	64	100.00
37028	56	56	100.00
37029	69	69	100.00
37030	63	63	100.00
37031	65	65	100.00
37032	46	46	100.00
37033	77	77	100.00
37034	63	63	100.00
37035	63	63	100.00
37036	53	53	100.00
37037	75	75	100.00
37038	69	69	100.00
37039	49	49	100.00
37040	63	63	100.00
37041	60	60	100.00
38001	151	151	100.00
38002	172	172	100.00
38003	120	120	100.00
38004	150	150	100.00
38005	130	130	100.00
38006	121	121	100.00
38007	143	143	100.00
38008	131	131	100.00
38009	166	166	100.00
38010	107	107	100.00
38011	130	130	100.00
38012	147	147	100.00
38013	152	152	100.00
38014	155	155	100.00
38015	128	128	100.00
38016	146	146	100.00
38017	152	152	100.00
38018	154	154	100.00
38019	163	163	100.00
38020	163	163	100.00
38021	119	119	100.00
38022	144	144	100.00
38023	135	135	100.00
38024	141	141	100.00
38025	118	118	100.00
38026	135	135	100.00
38027	116	116	100.00
38028	161	161	100.00
38029	137	137	100.00
38030	105	105	100.00
38031	168	168	100.00
38032	110	110	100.00
38033	131	131	100.00
38034	155	155	100.00
38035	159	159	100.00
38036	120	120	100.00
38037	141	141	100.00
38038	150	150	100.00
38039	177	177	100.00
38040	153	153	100.00
38041	135	135	100.00
39001	200	200	100.00
39002	142	142	100.00
39003	191	191	100.00
39004	172	172	100.00
39005	176	176	100.00
39006	148	148	100.00
39007	147	147	100.00
39008	180	180	100.00
39009	147	147	100.00
39010	95	95	100.00
39011	151	151	100.00
39012	186	186	100.00
39013	106	106	100.00
39014	154	154	100.00
39015	169	169	100.00
39016	85	85	100.00
39017	203	203	100.00
39018	180	180	100.00
39019	159	159	100.00
39020	208	208	100.00
39021	148	148	100.00
39022	114	114	100.00
39023	201	201	100.00
39024	227	227	100.00
39025	107	107	100.00
39026	164	164	100.00
39027	44	44	100.00
39028	279	279	100.00
39029	66	66	100.00
39030	160	160	100.00
39031	143	143	100.00
39032	137	137	100.00
39033	177	177	100.00
39034	157	157	100.00
39035	161	161	100.00
39036	45	45	100.00
39037	187	187	100.00
39038	114	114	100.00
39039	110	110	100.00
39040	152	152	100.00
39041	176	176	100.00
39042	192	192	100.00
39043	168	168	100.00
39044	165	165	100.00
39045	185	185	100.00
40001	133	133	100.00
40002	130	130	100.00
40003	242	242	100.00
40004	129	129	100.00
40005	207	207	100.00
40006	251	251	100.00
40007	228	228	100.00
40008	277	277	100.00
40009	119	119	100.00
40010	122	122	100.00
40011	242	242	100.00
40012	170	170	100.00
40013	346	346	100.00
40014	126	126	100.00
40015	141	141	100.00
40016	308	308	100.00
40017	193	193	100.00
40018	98	98	100.00
40019	187	187	100.00
40020	138	138	100.00
40021	319	319	100.00
40022	214	214	100.00
40023	259	259	100.00
40024	130	130	100.00
40025	254	254	100.00
40026	217	217	100.00
40027	244	244	100.00
40028	209	209	100.00
40029	207	207	100.00
40030	232	232	100.00
40031	234	234	100.00
40032	274	274	100.00
40033	251	251	100.00
40034	144	144	100.00
40035	109	109	100.00
40036	186	186	100.00
40037	165	165	100.00
40038	301	301	100.00
40039	33	33	100.00
41001	172	172	100.00
41002	201	201	100.00
41003	184	184	100.00
41004	207	207	100.00
41005	190	190	100.00
41006	223	223	100.00
41007	203	203	100.00
41008	187	187	100.00
41009	176	176	100.00
41010	238	238	100.00
41011	200	200	100.00
41012	199	199	100.00
41013	202	202	100.00
41014	222	222	100.00
41015	275	275	100.00
41016	170	170	100.00
41017	168	168	100.00
41018	179	179	100.00
41019	199	199	100.00
41020	125	125	100.00
41021	181	181	100.00
41022	214	214	100.00
41023	182	182	100.00
41024	181	181	100.00
41025	70	70	100.00
41026	173	173	100.00
41027	97	97	100.00
41028	104	104	100.00
41029	79	79	100.00
41030	165	165	100.00
41031	203	203	100.00
41032	144	144	100.00
41033	216	216	100.00
41034	210	210	100.00
41035	207	207	100.00
41036	195	195	100.00
41037	230	230	100.00
41038	168	168	100.00
41039	200	200	100.00
41040	227	227	100.00
41041	202	202	100.00
41042	161	161	100.00
41043	196	196	100.00
41044	199	199	100.00
41045	171	171	100.00
41046	196	196	100.00
41047	180	180	100.00
42001	158	158	100.00
42002	125	125	100.00
42003	157	157	100.00
42004	231	231	100.00
42005	146	146	100.00
42006	192	192	100.00
42007	180	180	100.00
42008	149	149	100.00
42009	134	134	100.00
42010	201	201	100.00
42011	133	133	100.00
42012	139	139	100.00
42013	172	172	100.00
42014	160	160	100.00
42015	142	142	100.00
42016	176	176	100.00
42017	169	169	100.00
42018	101	101	100.00
42019	216	216	100.00
42020	144	144	100.00
42021	151	151	100.00
42022	75	75	100.00
42023	160	160	100.00
42024	150	150	100.00
42025	119	119	100.00
42026	190	190	100.00
42027	144	144	100.00
42028	209	209	100.00
42029	151	151	100.00
42030	172	172	100.00
42031	214	214	100.00
42032	144	144	100.00
42033	175	175	100.00
42034	158	158	100.00
42035	191	191	100.00
42036	211	211	100.00
42037	128	128	100.00
42038	126	126	100.00
42039	190	190	100.00
42040	183	183	100.00
42041	150	150	100.00
42042	234	234	100.00
43001	91	91	100.00
43002	186	186	100.00
43003	200	200	100.00
43004	195	195	100.00
43005	172	172	100.00
43006	123	123	100.00
43007	143	143	100.00
43008	122	122	100.00
43009	198	198	100.00
43010	244	244	100.00
43011	174	174	100.00
43012	157	157	100.00
43013	177	177	100.00
43014	245	245	100.00
43015	160	160	100.00
43016	188	188	100.00
43017	141	141	100.00
43018	239	239	100.00
43019	183	183	100.00
43020	228	228	100.00
43021	178	178	100.00
43022	123	123	100.00
43023	128	128	100.00
43024	139	139	100.00
43025	222	222	100.00
43026	135	135	100.00
43027	186	186	100.00
43028	212	212	100.00
43029	172	172	100.00
43030	186	186	100.00
43031	170	170	100.00
43032	184	184	100.00
43033	186	186	100.00
43034	111	111	100.00
43035	218	218	100.00
43036	85	85	100.00
43037	177	177	100.00
43038	146	146	100.00
43039	126	126	100.00
43040	97	97	100.00
43041	229	229	100.00
43042	166	166	100.00
43043	170	170	100.00
43044	180	180	100.00
43045	122	122	100.00
43046	87	87	100.00
44001	347	347	100.00
44002	229	229	100.00
44003	172	172	100.00
44004	178	178	100.00
44005	211	211	100.00
44006	284	284	100.00
44007	199	199	100.00
44008	241	241	100.00
44009	217	217	100.00
44010	198	198	100.00
44011	231	231	100.00
44012	234	234	100.00
44013	163	163	100.00
44014	176	176	100.00
44015	193	193	100.00
44016	215	215	100.00
44017	297	297	100.00
44018	188	188	100.00
44019	231	231	100.00
44020	177	177	100.00
44021	228	228	100.00
44022	228	228	100.00
44023	192	192	100.00
44024	170	170	100.00
44025	220	220	100.00
44026	254	254	100.00
44027	247	247	100.00
44028	190	190	100.00
44029	192	192	100.00
44030	247	247	100.00
44031	158	158	100.00
44032	250	250	100.00
44033	192	192	100.00
44034	235	235	100.00
44035	246	246	100.00
44036	204	204	100.00
44037	238	238	100.00
44038	161	161	100.00
44039	201	201	100.00
44040	212	212	100.00
44041	222	222	100.00
45001	137	137	100.00
45002	153	153	100.00
45003	153	153	100.00
45004	246	246	100.00
45005	175	175	100.00
45006	252	252	100.00
45007	255	255	100.00
45008	169	169	100.00
45009	154	154	100.00
45010	183	183	100.00
45011	99	99	100.00
45012	142	142	100.00
45013	161	161	100.00
45014	197	197	100.00
45015	237	237	100.00
45016	166	166	100.00
45017	216	216	100.00
45018	153	153	100.00
45019	94	94	100.00
45020	131	131	100.00
45021	153	153	100.00
45022	139	139	100.00
45023	172	172	100.00
45024	136	136	100.00
45025	124	124	100.00
45026	84	84	100.00
45027	167	167	100.00
45028	159	159	100.00
45029	167	167	100.00
45030	163	163	100.00
45031	143	143	100.00
45032	132	132	100.00
45033	133	133	100.00
45034	202	202	100.00
45035	226	226	100.00
45036	168	168	100.00
45037	181	181	100.00
45038	154	154	100.00
45039	210	210	100.00
45040	178	178	100.00
45041	153	153	100.00
45042	178	178	100.00
45043	163	163	100.00
45044	185	185	100.00
45045	104	104	100.00
45046	121	121	100.00
45047	156	156	100.00
45048	155	155	100.00
46001	144	144	100.00
46002	193	193	100.00
46003	247	247	100.00
46004	177	177	100.00
46005	244	244	100.00
46006	143	143	100.00
46007	249	249	100.00
46008	123	123	100.00
46009	212	212	100.00
46010	266	266	100.00
46011	159	159	100.00
46012	248	248	100.00
46013	194	194	100.00
46014	130	130	100.00
46015	175	175	100.00
46016	259	259	100.00
46017	261	261	100.00
46018	212	212	100.00
46019	152	152	100.00
46020	130	130	100.00
46021	100	100	100.00
46022	140	140	100.00
46023	137	137	100.00
46024	230	230	100.00
46025	195	195	100.00
46026	178	178	100.00
46027	263	263	100.00
46028	205	205	100.00
46029	158	158	100.00
46030	182	182	100.00
46031	185	185	100.00
46032	190	190	100.00
46033	233	233	100.00
46034	239	239	100.00
46035	168	168	100.00
46036	172	172	100.00
46037	147	147	100.00
46038	132	132	100.00
46039	178	178	100.00
46040	226	226	100.00
47001	134	134	100.00
47002	274	274	100.00
47003	250	250	100.00
47004	250	250	100.00
47005	241	241	100.00
47006	269	269	100.00
47007	190	190	100.00
47008	280	280	100.00
47009	207	207	100.00
47010	298	298	100.00
47011	201	201	100.00
47012	308	308	100.00
47013	244	244	100.00
47014	218	218	100.00
47015	302	302	100.00
47016	257	257	100.00
47017	227	227	100.00
47018	216	216	100.00
47019	301	301	100.00
47020	244	244	100.00
47021	237	237	100.00
47022	255	255	100.00
47023	298	298	100.00
47024	238	238	100.00
47025	274	274	100.00
47026	321	321	100.00
47027	221	221	100.00
47028	239	239	100.00
47029	232	232	100.00
47030	323	323	100.00
47031	238	238	100.00
47032	291	291	100.00
47033	190	190	100.00
47034	244	244	100.00
47035	284	284	100.00
47036	299	299	100.00
47037	262	262	100.00
47038	258	258	100.00
47039	240	240	100.00
47040	251	251	100.00
47041	256	256	100.00
47042	259	259	100.00
47043	212	212	100.00
47044	171	171	100.00
47045	261	261	100.00
47046	259	259	100.00
47047	236	236	100.00
47048	24	24	100.00
48001	230	230	100.00
48002	129	129	100.00
48003	206	206	100.00
48004	221	221	100.00
48005	191	191	100.00
48006	200	200	100.00
48007	229	229	100.00
48008	102	102	100.00
48009	106	106	100.00
48010	328	328	100.00
48011	306	306	100.00
48012	237	237	100.00
48013	224	224	100.00
48014	90	90	100.00
48015	100	100	100.00
48016	164	164	100.00
48017	179	179	100.00
48018	113	113	100.00
48019	165	165	100.00
48020	258	258	100.00
48021	219	219	100.00
48022	187	187	100.00
48023	188	188	100.00
48024	196	196	100.00
48025	209	209	100.00
48026	71	71	100.00
48027	161	161	100.00
48028	196	196	100.00
48029	105	105	100.00
48030	210	210	100.00
48031	200	200	100.00
48032	176	176	100.00
48033	135	135	100.00
48034	181	181	100.00
48035	113	113	100.00
48036	135	135	100.00
48037	205	205	100.00
48038	264	264	100.00
48039	177	177	100.00
48040	210	210	100.00
48041	172	172	100.00
48042	282	282	100.00
48043	183	183	100.00
48044	298	298	100.00
48045	185	185	100.00
48046	129	129	100.00
49001	81	81	100.00
49002	137	137	100.00
49003	253	253	100.00
49004	243	243	100.00
49005	200	200	100.00
49006	184	184	100.00
49007	195	195	100.00
49008	160	160	100.00
49009	222	222	100.00
49010	203	203	100.00
49011	299	299	100.00
49012	263	263	100.00
49013	220	220	100.00
49014	148	148	100.00
49015	124	124	100.00
49016	199	199	100.00
49017	125	125	100.00
49018	288	288	100.00
49019	125	125	100.00
49020	302	302	100.00
49021	100	100	100.00
49022	190	190	100.00
49023	232	232	100.00
49024	125	125	100.00
49025	272	272	100.00
49026	241	241	100.00
49027	209	209	100.00
49028	305	305	100.00
49029	261	261	100.00
49030	178	178	100.00
49031	131	131	100.00
49032	179	179	100.00
49033	159	159	100.00
50001	171	171	100.00
50002	86	86	100.00
50003	139	139	100.00
50004	141	141	100.00
50005	101	101	100.00
50006	144	144	100.00
50007	211	211	100.00
50008	108	108	100.00
50009	124	124	100.00
50010	119	119	100.00
50011	70	70	100.00
50012	54	54	100.00
50013	121	121	100.00
50014	39	39	100.00
50015	204	204	100.00
50016	32	32	100.00
50017	94	94	100.00
50018	33	33	100.00
50019	75	75	100.00
50020	137	137	100.00
50021	113	113	100.00
50022	90	90	100.00
50023	82	82	100.00
50024	99	99	100.00
50025	100	100	100.00
50026	105	105	100.00
50027	45	45	100.00
50028	112	112	100.00
50029	96	96	100.00
50030	90	90	100.00
50031	136	136	100.00
50032	98	98	100.00
50033	105	105	100.00
50034	206	206	100.00
50035	172	172	100.00
50036	197	197	100.00
50037	140	140	100.00
50038	79	79	100.00
50039	70	70	100.00
50040	136	136	100.00
