Precinct	Votes	votes|Melissa Conyears-Ervin	pct|Melissa Conyears-Ervin	votes|Ameya Pawar	pct|Ameya Pawar	votes|Peter Gariepy	pct|Peter Gariepy
01001	300	55	18.33	179	59.67	66	22.00
01002	235	75	31.91	131	55.74	29	12.34
01003	283	53	18.73	176	62.19	54	19.08
01004	279	51	18.28	176	63.08	52	18.64
01005	254	53	20.87	150	59.06	51	20.08
01006	259	73	28.19	134	51.74	52	20.08
01007	213	50	23.47	122	57.28	41	19.25
01008	238	75	31.51	114	47.90	49	20.59
01009	239	71	29.71	110	46.03	58	24.27
01010	252	56	22.22	134	53.17	62	24.60
01011	297	54	18.18	182	61.28	61	20.54
01012	326	91	27.91	186	57.06	49	15.03
01013	151	49	32.45	78	51.66	24	15.89
01014	281	78	27.76	164	58.36	39	13.88
01015	232	57	24.57	132	56.90	43	18.53
01016	334	76	22.75	205	61.38	53	15.87
01017	258	55	21.32	160	62.02	43	16.67
01018	282	79	28.01	164	58.16	39	13.83
01019	319	68	21.32	205	64.26	46	14.42
01020	218	60	27.52	130	59.63	28	12.84
01021	266	64	24.06	160	60.15	42	15.79
01022	178	53	29.78	93	52.25	32	17.98
01023	396	75	18.94	270	68.18	51	12.88
01024	219	84	38.36	103	47.03	32	14.61
01025	250	67	26.80	143	57.20	40	16.00
01026	181	67	37.02	89	49.17	25	13.81
01027	262	60	22.90	155	59.16	47	17.94
01028	90	50	55.56	32	35.56	8	8.89
01029	361	75	20.78	219	60.66	67	18.56
01030	304	89	29.28	169	55.59	46	15.13
01031	274	90	32.85	133	48.54	51	18.61
01032	281	65	23.13	166	59.07	50	17.79
01033	313	82	26.20	177	56.55	54	17.25
01034	217	46	21.20	136	62.67	35	16.13
01035	352	67	19.03	200	56.82	85	24.15
01036	260	42	16.15	148	56.92	70	26.92
01037	269	69	25.65	144	53.53	56	20.82
01038	237	63	26.58	130	54.85	44	18.57
01039	223	49	21.97	135	60.54	39	17.49
01040	296	94	31.76	128	43.24	74	25.00
01041	204	44	21.57	131	64.22	29	14.22
01042	94	23	24.47	54	57.45	17	18.09
01043	167	45	26.95	98	58.68	24	14.37
01044	228	45	19.74	138	60.53	45	19.74
02001	254	70	27.56	149	58.66	35	13.78
02002	231	51	22.08	126	54.55	54	23.38
02003	281	48	17.08	171	60.85	62	22.06
02004	208	50	24.04	108	51.92	50	24.04
02005	282	67	23.76	159	56.38	56	19.86
02006	239	64	26.78	121	50.63	54	22.59
02007	218	65	29.82	112	51.38	41	18.81
02008	248	68	27.42	132	53.23	48	19.35
02009	189	53	28.04	106	56.08	30	15.87
02010	290	84	28.97	152	52.41	54	18.62
02011	321	91	28.35	170	52.96	60	18.69
02012	271	114	42.07	125	46.13	32	11.81
02013	274	73	26.64	150	54.74	51	18.61
02014	314	71	22.61	179	57.01	64	20.38
02015	261	58	22.22	155	59.39	48	18.39
02016	212	67	31.60	108	50.94	37	17.45
02017	363	82	22.59	202	55.65	79	21.76
02018	244	70	28.69	128	52.46	46	18.85
02019	229	50	21.83	133	58.08	46	20.09
02020	235	53	22.55	147	62.55	35	14.89
02021	301	68	22.59	175	58.14	58	19.27
02022	318	74	23.27	163	51.26	81	25.47
02023	242	62	25.62	142	58.68	38	15.70
02024	263	77	29.28	138	52.47	48	18.25
02025	280	79	28.21	149	53.21	52	18.57
02026	227	68	29.96	117	51.54	42	18.50
02027	257	81	31.52	113	43.97	63	24.51
02028	272	73	26.84	146	53.68	53	19.49
02029	249	68	27.31	132	53.01	49	19.68
02030	223	55	24.66	112	50.22	56	25.11
02031	352	81	23.01	201	57.10	70	19.89
02032	155	50	32.26	79	50.97	26	16.77
02033	425	102	24.00	227	53.41	96	22.59
02034	278	75	26.98	162	58.27	41	14.75
02035	245	60	24.49	126	51.43	59	24.08
02036	261	70	26.82	135	51.72	56	21.46
02037	285	83	29.12	136	47.72	66	23.16
02038	260	63	24.23	135	51.92	62	23.85
02039	205	72	35.12	89	43.41	44	21.46
02040	261	94	36.02	120	45.98	47	18.01
02041	193	60	31.09	102	52.85	31	16.06
02042	211	62	29.38	111	52.61	38	18.01
02043	286	81	28.32	147	51.40	58	20.28
02044	173	43	24.86	101	58.38	29	16.76
02045	293	103	35.15	148	50.51	42	14.33
02046	129	36	27.91	70	54.26	23	17.83
03001	387	253	65.37	114	29.46	20	5.17
03002	434	288	66.36	124	28.57	22	5.07
03003	276	154	55.80	103	37.32	19	6.88
03004	360	236	65.56	113	31.39	11	3.06
03005	180	118	65.56	54	30.00	8	4.44
03006	372	128	34.41	190	51.08	54	14.52
03007	238	155	65.13	67	28.15	16	6.72
03008	218	132	60.55	77	35.32	9	4.13
03009	323	206	63.78	96	29.72	21	6.50
03010	115	82	71.30	28	24.35	5	4.35
03011	283	203	71.73	71	25.09	9	3.18
03012	360	246	68.33	104	28.89	10	2.78
03013	377	111	29.44	204	54.11	62	16.45
03014	309	119	38.51	140	45.31	50	16.18
03015	250	175	70.00	64	25.60	11	4.40
03016	246	187	76.02	52	21.14	7	2.85
03017	320	146	45.63	129	40.31	45	14.06
03018	367	205	55.86	130	35.42	32	8.72
03019	362	135	37.29	163	45.03	64	17.68
03020	304	188	61.84	104	34.21	12	3.95
03021	377	164	43.50	170	45.09	43	11.41
03022	376	111	29.52	207	55.05	58	15.43
03023	225	150	66.67	61	27.11	14	6.22
03024	248	155	62.50	78	31.45	15	6.05
03025	502	161	32.07	247	49.20	94	18.73
03026	423	146	34.52	209	49.41	68	16.08
03027	380	126	33.16	175	46.05	79	20.79
03028	257	179	69.65	63	24.51	15	5.84
03029	261	156	59.77	86	32.95	19	7.28
03030	270	195	72.22	66	24.44	9	3.33
03031	328	229	69.82	89	27.13	10	3.05
03032	332	128	38.55	148	44.58	56	16.87
03033	321	100	31.15	178	55.45	43	13.40
03034	362	121	33.43	197	54.42	44	12.15
03035	126	75	59.52	45	35.71	6	4.76
03036	137	101	73.72	31	22.63	5	3.65
03037	251	181	72.11	62	24.70	8	3.19
03038	291	186	63.92	96	32.99	9	3.09
03039	407	109	26.78	224	55.04	74	18.18
03040	241	120	49.79	107	44.40	14	5.81
03041	263	140	53.23	98	37.26	25	9.51
04001	417	150	35.97	217	52.04	50	11.99
04002	363	121	33.33	187	51.52	55	15.15
04003	237	171	72.15	53	22.36	13	5.49
04004	422	320	75.83	85	20.14	17	4.03
04005	339	237	69.91	89	26.25	13	3.83
04006	390	274	70.26	90	23.08	26	6.67
04007	434	296	68.20	114	26.27	24	5.53
04008	358	252	70.39	100	27.93	6	1.68
04009	450	317	70.44	106	23.56	27	6.00
04010	406	266	65.52	129	31.77	11	2.71
04011	284	208	73.24	65	22.89	11	3.87
04012	339	236	69.62	89	26.25	14	4.13
04013	250	64	25.60	139	55.60	47	18.80
04014	322	213	66.15	88	27.33	21	6.52
04015	391	266	68.03	105	26.85	20	5.12
04016	416	127	30.53	224	53.85	65	15.63
04017	372	75	20.16	237	63.71	60	16.13
04018	343	236	68.80	91	26.53	16	4.66
04019	199	138	69.35	48	24.12	13	6.53
04020	323	105	32.51	169	52.32	49	15.17
04021	307	96	31.27	161	52.44	50	16.29
04022	348	156	44.83	165	47.41	27	7.76
04023	408	161	39.46	200	49.02	47	11.52
04024	282	166	58.87	100	35.46	16	5.67
04025	341	108	31.67	173	50.73	60	17.60
04026	285	210	73.68	60	21.05	15	5.26
04027	385	159	41.30	192	49.87	34	8.83
04028	282	184	65.25	80	28.37	18	6.38
04029	270	202	74.81	56	20.74	12	4.44
04030	375	249	66.40	108	28.80	18	4.80
04031	289	181	62.63	97	33.56	11	3.81
04032	341	236	69.21	90	26.39	15	4.40
04033	329	187	56.84	116	35.26	26	7.90
04034	297	187	62.96	95	31.99	15	5.05
04035	374	256	68.45	110	29.41	8	2.14
04036	377	255	67.64	103	27.32	19	5.04
04037	472	142	30.08	242	51.27	88	18.64
04038	357	216	60.50	117	32.77	24	6.72
05001	217	163	75.12	48	22.12	6	2.76
05002	185	129	69.73	50	27.03	6	3.24
05003	327	92	28.13	193	59.02	42	12.84
05004	372	194	52.15	151	40.59	27	7.26
05005	253	159	62.85	82	32.41	12	4.74
05006	228	167	73.25	51	22.37	10	4.39
05007	320	183	57.19	121	37.81	16	5.00
05008	335	62	18.51	209	62.39	64	19.10
05009	395	200	50.63	156	39.49	39	9.87
05010	205	144	70.24	55	26.83	6	2.93
05011	366	145	39.62	178	48.63	43	11.75
05012	181	133	73.48	42	23.20	6	3.31
05013	234	172	73.50	52	22.22	10	4.27
05014	287	196	68.29	84	29.27	7	2.44
05015	282	149	52.84	101	35.82	32	11.35
05016	245	173	70.61	54	22.04	18	7.35
05017	251	172	68.53	62	24.70	17	6.77
05018	311	132	42.44	150	48.23	29	9.32
05019	331	96	29.00	198	59.82	37	11.18
05020	380	201	52.89	149	39.21	30	7.89
05021	318	121	38.05	165	51.89	32	10.06
05022	412	188	45.63	177	42.96	47	11.41
05023	534	198	37.08	271	50.75	65	12.17
05024	348	138	39.66	171	49.14	39	11.21
05025	301	193	64.12	88	29.24	20	6.64
05026	310	211	68.06	83	26.77	16	5.16
05027	294	55	18.71	182	61.90	57	19.39
05028	311	209	67.20	90	28.94	12	3.86
05029	322	205	63.66	101	31.37	16	4.97
05030	198	140	70.71	47	23.74	11	5.56
05031	219	156	71.23	50	22.83	13	5.94
05032	395	303	76.71	73	18.48	19	4.81
05033	323	222	68.73	85	26.32	16	4.95
05034	340	64	18.82	227	66.76	49	14.41
05035	376	137	36.44	204	54.26	35	9.31
05036	180	126	70.00	42	23.33	12	6.67
05037	404	148	36.63	203	50.25	53	13.12
05038	265	192	72.45	61	23.02	12	4.53
05039	270	83	30.74	144	53.33	43	15.93
05040	249	185	74.30	50	20.08	14	5.62
05041	215	99	46.05	97	45.12	19	8.84
06001	294	231	78.57	57	19.39	6	2.04
06002	247	190	76.92	50	20.24	7	2.83
06003	301	228	75.75	62	20.60	11	3.65
06004	182	126	69.23	44	24.18	12	6.59
06005	141	103	73.05	28	19.86	10	7.09
06006	291	235	80.76	46	15.81	10	3.44
06007	212	155	73.11	49	23.11	8	3.77
06008	260	201	77.31	54	20.77	5	1.92
06009	196	138	70.41	48	24.49	10	5.10
06010	147	112	76.19	27	18.37	8	5.44
06011	195	155	79.49	34	17.44	6	3.08
06012	148	110	74.32	32	21.62	6	4.05
06013	201	147	73.13	50	24.88	4	1.99
06014	228	167	73.25	53	23.25	8	3.51
06015	170	118	69.41	41	24.12	11	6.47
06016	288	223	77.43	55	19.10	10	3.47
06017	150	104	69.33	36	24.00	10	6.67
06018	158	93	58.86	43	27.22	22	13.92
06019	225	180	80.00	38	16.89	7	3.11
06020	122	92	75.41	24	19.67	6	4.92
06021	109	83	76.15	19	17.43	7	6.42
06022	135	91	67.41	29	21.48	15	11.11
06023	105	71	67.62	26	24.76	8	7.62
06024	125	93	74.40	24	19.20	8	6.40
06025	106	81	76.42	22	20.75	3	2.83
06026	137	102	74.45	25	18.25	10	7.30
06027	119	89	74.79	24	20.17	6	5.04
06028	114	80	70.18	27	23.68	7	6.14
06029	270	216	80.00	50	18.52	4	1.48
06030	203	145	71.43	45	22.17	13	6.40
06031	272	209	76.84	54	19.85	9	3.31
06032	241	187	77.59	46	19.09	8	3.32
06033	234	176	75.21	47	20.09	11	4.70
06034	245	193	78.78	43	17.55	9	3.67
06035	232	185	79.74	42	18.10	5	2.16
06036	309	250	80.91	48	15.53	11	3.56
06037	296	222	75.00	64	21.62	10	3.38
06038	269	207	76.95	58	21.56	4	1.49
06039	183	136	74.32	35	19.13	12	6.56
06040	220	170	77.27	37	16.82	13	5.91
06041	246	196	79.67	40	16.26	10	4.07
06042	215	160	74.42	50	23.26	5	2.33
06043	212	165	77.83	41	19.34	6	2.83
06044	201	161	80.10	31	15.42	9	4.48
06045	269	228	84.76	32	11.90	9	3.35
06046	164	130	79.27	31	18.90	3	1.83
06047	178	143	80.34	28	15.73	7	3.93
06048	244	190	77.87	48	19.67	6	2.46
07001	218	160	73.39	39	17.89	19	8.72
07002	181	136	75.14	41	22.65	4	2.21
07003	259	198	76.45	49	18.92	12	4.63
07004	238	168	70.59	54	22.69	16	6.72
07005	211	140	66.35	56	26.54	15	7.11
07006	297	189	63.64	91	30.64	17	5.72
07007	187	122	65.24	51	27.27	14	7.49
07008	203	139	68.47	50	24.63	14	6.90
07009	405	296	73.09	90	22.22	19	4.69
07010	250	182	72.80	57	22.80	11	4.40
07011	208	161	77.40	42	20.19	5	2.40
07012	209	145	69.38	58	27.75	6	2.87
07013	153	104	67.97	34	22.22	15	9.80
07014	234	158	67.52	60	25.64	16	6.84
07015	218	159	72.94	50	22.94	9	4.13
07016	152	119	78.29	29	19.08	4	2.63
07017	158	112	70.89	37	23.42	9	5.70
07018	187	111	59.36	57	30.48	19	10.16
07019	219	162	73.97	47	21.46	10	4.57
07020	142	90	63.38	43	30.28	9	6.34
07021	153	117	76.47	28	18.30	8	5.23
07022	189	127	67.20	51	26.98	11	5.82
07023	252	188	74.60	57	22.62	7	2.78
07024	192	141	73.44	42	21.88	9	4.69
07025	142	90	63.38	40	28.17	12	8.45
07026	188	144	76.60	39	20.74	5	2.66
07027	177	128	72.32	41	23.16	8	4.52
07028	158	109	68.99	37	23.42	12	7.59
07029	177	134	75.71	35	19.77	8	4.52
07030	137	102	74.45	27	19.71	8	5.84
07031	136	102	75.00	28	20.59	6	4.41
07032	359	285	79.39	66	18.38	8	2.23
07033	346	279	80.64	54	15.61	13	3.76
07034	296	231	78.04	55	18.58	10	3.38
07035	231	164	71.00	58	25.11	9	3.90
07036	288	216	75.00	62	21.53	10	3.47
07037	265	199	75.09	56	21.13	10	3.77
07038	196	152	77.55	34	17.35	10	5.10
07039	232	171	73.71	55	23.71	6	2.59
07040	206	151	73.30	48	23.30	7	3.40
07041	209	165	78.95	37	17.70	7	3.35
07042	197	142	72.08	48	24.37	7	3.55
07043	212	150	70.75	53	25.00	9	4.25
07044	166	127	76.51	33	19.88	6	3.61
07045	176	138	78.41	26	14.77	12	6.82
07046	132	81	61.36	41	31.06	10	7.58
08001	208	150	72.12	44	21.15	14	6.73
08002	210	160	76.19	45	21.43	5	2.38
08003	326	261	80.06	62	19.02	3	0.92
08004	301	239	79.40	55	18.27	7	2.33
08005	303	242	79.87	55	18.15	6	1.98
08006	251	201	80.08	45	17.93	5	1.99
08007	310	226	72.90	75	24.19	9	2.90
08008	293	241	82.25	41	13.99	11	3.75
08009	169	138	81.66	23	13.61	8	4.73
08010	374	299	79.95	68	18.18	7	1.87
08011	215	166	77.21	42	19.53	7	3.26
08012	216	179	82.87	28	12.96	9	4.17
08013	261	185	70.88	66	25.29	10	3.83
08014	145	104	71.72	29	20.00	12	8.28
08015	216	150	69.44	51	23.61	15	6.94
08016	64	47	73.44	15	23.44	2	3.13
08017	231	169	73.16	55	23.81	7	3.03
08018	185	137	74.05	36	19.46	12	6.49
08019	319	259	81.19	44	13.79	16	5.02
08020	323	252	78.02	63	19.50	8	2.48
08021	316	248	78.48	53	16.77	15	4.75
08022	240	187	77.92	47	19.58	6	2.50
08023	192	150	78.13	31	16.15	11	5.73
08024	165	111	67.27	49	29.70	5	3.03
08025	208	154	74.04	38	18.27	16	7.69
08026	208	150	72.12	49	23.56	9	4.33
08027	301	225	74.75	70	23.26	6	1.99
08028	249	193	77.51	48	19.28	8	3.21
08029	300	232	77.33	57	19.00	11	3.67
08030	248	200	80.65	36	14.52	12	4.84
08031	180	140	77.78	34	18.89	6	3.33
08032	184	150	81.52	27	14.67	7	3.80
08033	254	195	76.77	40	15.75	19	7.48
08034	249	185	74.30	49	19.68	15	6.02
08035	305	222	72.79	69	22.62	14	4.59
08036	270	206	76.30	51	18.89	13	4.81
08037	216	165	76.39	39	18.06	12	5.56
08038	158	126	79.75	25	15.82	7	4.43
08039	241	204	84.65	31	12.86	6	2.49
08040	196	160	81.63	28	14.29	8	4.08
08041	272	214	78.68	45	16.54	13	4.78
08042	311	245	78.78	58	18.65	8	2.57
08043	142	106	74.65	26	18.31	10	7.04
08044	163	132	80.98	28	17.18	3	1.84
08045	174	133	76.44	30	17.24	11	6.32
08046	195	154	78.97	35	17.95	6	3.08
08047	198	148	74.75	35	17.68	15	7.58
08048	193	147	76.17	40	20.73	6	3.11
08049	229	175	76.42	49	21.40	5	2.18
08050	282	221	78.37	54	19.15	7	2.48
08051	275	214	77.82	52	18.91	9	3.27
08052	333	257	77.18	61	18.32	15	4.50
08053	136	97	71.32	34	25.00	5	3.68
08054	181	133	73.48	37	20.44	11	6.08
08055	230	174	75.65	45	19.57	11	4.78
08056	268	202	75.37	59	22.01	7	2.61
09001	228	171	75.00	48	21.05	9	3.95
09002	202	148	73.27	44	21.78	10	4.95
09003	124	92	74.19	29	23.39	3	2.42
09004	180	141	78.33	32	17.78	7	3.89
09005	232	182	78.45	39	16.81	11	4.74
09006	206	157	76.21	38	18.45	11	5.34
09007	182	131	71.98	40	21.98	11	6.04
09008	183	136	74.32	43	23.50	4	2.19
09009	277	213	76.90	53	19.13	11	3.97
09010	170	127	74.71	32	18.82	11	6.47
09011	163	122	74.85	27	16.56	14	8.59
09012	268	204	76.12	53	19.78	11	4.10
09013	284	205	72.18	74	26.06	5	1.76
09014	300	240	80.00	49	16.33	11	3.67
09015	149	117	78.52	24	16.11	8	5.37
09016	210	159	75.71	47	22.38	4	1.90
09017	146	109	74.66	33	22.60	4	2.74
09018	161	118	73.29	35	21.74	8	4.97
09019	198	157	79.29	32	16.16	9	4.55
09020	240	183	76.25	49	20.42	8	3.33
09021	203	154	75.86	41	20.20	8	3.94
09022	268	203	75.75	56	20.90	9	3.36
09023	283	215	75.97	57	20.14	11	3.89
09024	244	182	74.59	53	21.72	9	3.69
09025	244	186	76.23	48	19.67	10	4.10
09026	166	120	72.29	38	22.89	8	4.82
09027	191	150	78.53	37	19.37	4	2.09
09028	89	59	66.29	28	31.46	2	2.25
09029	183	128	69.95	42	22.95	13	7.10
09030	167	131	78.44	31	18.56	5	2.99
09031	157	115	73.25	35	22.29	7	4.46
09032	215	163	75.81	46	21.40	6	2.79
09033	159	118	74.21	27	16.98	14	8.81
09034	177	129	72.88	38	21.47	10	5.65
09035	244	192	78.69	43	17.62	9	3.69
09036	178	149	83.71	26	14.61	3	1.69
09037	352	154	43.75	154	43.75	44	12.50
09038	210	153	72.86	51	24.29	6	2.86
09039	254	197	77.56	45	17.72	12	4.72
09040	268	205	76.49	53	19.78	10	3.73
09041	186	154	82.80	27	14.52	5	2.69
09042	276	206	74.64	62	22.46	8	2.90
09043	177	141	79.66	31	17.51	5	2.82
09044	221	177	80.09	31	14.03	13	5.88
09045	156	121	77.56	27	17.31	8	5.13
09046	234	148	63.25	69	29.49	17	7.26
09047	281	227	80.78	45	16.01	9	3.20
09048	252	186	73.81	52	20.63	14	5.56
09049	268	202	75.37	52	19.40	14	5.22
09050	341	281	82.40	53	15.54	7	2.05
09051	246	193	78.46	41	16.67	12	4.88
10001	188	120	63.83	59	31.38	9	4.79
10002	269	97	36.06	105	39.03	67	24.91
10003	279	126	45.16	90	32.26	63	22.58
10004	148	73	49.32	63	42.57	12	8.11
10005	221	88	39.82	73	33.03	60	27.15
10006	225	94	41.78	97	43.11	34	15.11
10007	182	102	56.04	53	29.12	27	14.84
10008	96	60	62.50	30	31.25	6	6.25
10009	248	84	33.87	89	35.89	75	30.24
10010	284	118	41.55	113	39.79	53	18.66
10011	256	121	47.27	96	37.50	39	15.23
10012	158	73	46.20	60	37.97	25	15.82
10013	213	106	49.77	82	38.50	25	11.74
10014	327	138	42.20	133	40.67	56	17.13
10015	431	330	76.57	78	18.10	23	5.34
10016	172	60	34.88	74	43.02	38	22.09
10017	341	138	40.47	123	36.07	80	23.46
10018	121	72	59.50	34	28.10	15	12.40
10019	278	101	36.33	115	41.37	62	22.30
10020	263	104	39.54	99	37.64	60	22.81
10021	241	107	44.40	84	34.85	50	20.75
10022	112	49	43.75	53	47.32	10	8.93
10023	186	77	41.40	77	41.40	32	17.20
10024	249	103	41.37	78	31.33	68	27.31
10025	73	38	52.05	28	38.36	7	9.59
10026	148	79	53.38	50	33.78	19	12.84
10027	154	86	55.84	55	35.71	13	8.44
10028	270	112	41.48	121	44.81	37	13.70
10029	196	86	43.88	71	36.22	39	19.90
10030	195	102	52.31	66	33.85	27	13.85
10031	152	61	40.13	70	46.05	21	13.82
10032	246	92	37.40	101	41.06	53	21.54
10033	164	66	40.24	65	39.63	33	20.12
10034	144	86	59.72	43	29.86	15	10.42
10035	326	119	36.50	128	39.26	79	24.23
10036	60	35	58.33	24	40.00	1	1.67
11001	305	139	45.57	115	37.70	51	16.72
11002	13	6	46.15	5	38.46	2	15.38
11003	229	49	21.40	155	67.69	25	10.92
11004	234	114	48.72	80	34.19	40	17.09
11005	333	142	42.64	141	42.34	50	15.02
11006	366	130	35.52	186	50.82	50	13.66
11007	218	91	41.74	99	45.41	28	12.84
11008	262	98	37.40	117	44.66	47	17.94
11009	243	90	37.04	104	42.80	49	20.16
11010	266	111	41.73	106	39.85	49	18.42
11011	277	104	37.55	125	45.13	48	17.33
11012	482	269	55.81	111	23.03	102	21.16
11013	396	224	56.57	84	21.21	88	22.22
11014	148	60	40.54	53	35.81	35	23.65
11015	120	66	55.00	41	34.17	13	10.83
11016	187	82	43.85	65	34.76	40	21.39
11017	344	126	36.63	152	44.19	66	19.19
11018	257	135	52.53	81	31.52	41	15.95
11019	352	119	33.81	155	44.03	78	22.16
11020	221	119	53.85	69	31.22	33	14.93
11021	436	235	53.90	133	30.50	68	15.60
11022	350	145	41.43	127	36.29	78	22.29
11023	202	96	47.52	68	33.66	38	18.81
11024	418	265	63.40	86	20.57	67	16.03
11025	369	135	36.59	164	44.44	70	18.97
11026	365	171	46.85	131	35.89	63	17.26
11027	88	32	36.36	36	40.91	20	22.73
11028	132	59	44.70	47	35.61	26	19.70
11029	397	243	61.21	107	26.95	47	11.84
11030	125	42	33.60	58	46.40	25	20.00
11031	325	165	50.77	101	31.08	59	18.15
11032	156	88	56.41	41	26.28	27	17.31
11033	303	105	34.65	148	48.84	50	16.50
11034	127	84	66.14	22	17.32	21	16.54
11035	103	78	75.73	14	13.59	11	10.68
11036	113	40	35.40	48	42.48	25	22.12
11037	84	42	50.00	35	41.67	7	8.33
11038	126	46	36.51	64	50.79	16	12.70
12001	281	107	38.08	130	46.26	44	15.66
12002	196	89	45.41	74	37.76	33	16.84
12003	359	112	31.20	188	52.37	59	16.43
12004	274	109	39.78	122	44.53	43	15.69
12005	280	104	37.14	106	37.86	70	25.00
12006	264	112	42.42	105	39.77	47	17.80
12007	214	88	41.12	100	46.73	26	12.15
12008	313	148	47.28	127	40.58	38	12.14
12009	232	84	36.21	95	40.95	53	22.84
12010	235	98	41.70	104	44.26	33	14.04
12011	224	104	46.43	83	37.05	37	16.52
12012	221	86	38.91	90	40.72	45	20.36
12013	240	107	44.58	88	36.67	45	18.75
12014	168	81	48.21	66	39.29	21	12.50
12015	196	89	45.41	97	49.49	10	5.10
12016	167	81	48.50	73	43.71	13	7.78
12017	235	90	38.30	102	43.40	43	18.30
12018	192	83	43.23	81	42.19	28	14.58
12019	246	96	39.02	111	45.12	39	15.85
12020	218	93	42.66	95	43.58	30	13.76
12021	225	84	37.33	103	45.78	38	16.89
12022	180	62	34.44	90	50.00	28	15.56
12023	268	101	37.69	120	44.78	47	17.54
13001	234	120	51.28	65	27.78	49	20.94
13002	229	126	55.02	63	27.51	40	17.47
13003	183	88	48.09	67	36.61	28	15.30
13004	285	144	50.53	87	30.53	54	18.95
13005	271	145	53.51	87	32.10	39	14.39
13006	286	111	38.81	97	33.92	78	27.27
13007	176	137	77.84	26	14.77	13	7.39
13008	196	91	46.43	71	36.22	34	17.35
13009	222	116	52.25	80	36.04	26	11.71
13010	266	99	37.22	85	31.95	82	30.83
13011	301	148	49.17	89	29.57	64	21.26
13012	194	95	48.97	64	32.99	35	18.04
13013	262	177	67.56	64	24.43	21	8.02
13014	197	96	48.73	70	35.53	31	15.74
13015	323	186	57.59	99	30.65	38	11.76
13016	142	75	52.82	45	31.69	22	15.49
13017	231	124	53.68	69	29.87	38	16.45
13018	225	116	51.56	60	26.67	49	21.78
13019	267	166	62.17	71	26.59	30	11.24
13020	185	96	51.89	47	25.41	42	22.70
13021	314	149	47.45	83	26.43	82	26.11
13022	305	144	47.21	98	32.13	63	20.66
13023	167	96	57.49	41	24.55	30	17.96
13024	228	122	53.51	62	27.19	44	19.30
13025	201	108	53.73	56	27.86	37	18.41
13026	235	151	64.26	44	18.72	40	17.02
13027	262	138	52.67	85	32.44	39	14.89
13028	161	94	58.39	45	27.95	22	13.66
13029	187	104	55.61	51	27.27	32	17.11
13030	181	114	62.98	48	26.52	19	10.50
13031	310	142	45.81	97	31.29	71	22.90
13032	259	120	46.33	74	28.57	65	25.10
13033	291	144	49.48	61	20.96	86	29.55
13034	280	205	73.21	58	20.71	17	6.07
13035	233	161	69.10	50	21.46	22	9.44
13036	146	84	57.53	39	26.71	23	15.75
13037	273	149	54.58	87	31.87	37	13.55
13038	250	126	50.40	61	24.40	63	25.20
13039	236	144	61.02	71	30.08	21	8.90
13040	232	137	59.05	62	26.72	33	14.22
13041	254	145	57.09	82	32.28	27	10.63
13042	298	141	47.32	75	25.17	82	27.52
13043	245	144	58.78	57	23.27	44	17.96
13044	349	264	75.64	55	15.76	30	8.60
13045	344	212	61.63	77	22.38	55	15.99
13046	297	207	69.70	63	21.21	27	9.09
13047	265	187	70.57	56	21.13	22	8.30
13048	272	165	60.66	63	23.16	44	16.18
14001	390	171	43.85	117	30.00	102	26.15
14002	323	122	37.77	133	41.18	68	21.05
14003	196	81	41.33	80	40.82	35	17.86
14004	301	112	37.21	94	31.23	95	31.56
14005	301	153	50.83	93	30.90	55	18.27
14006	116	45	38.79	33	28.45	38	32.76
14007	247	112	45.34	84	34.01	51	20.65
14008	254	117	46.06	90	35.43	47	18.50
14009	350	118	33.71	147	42.00	85	24.29
14010	149	63	42.28	62	41.61	24	16.11
14011	153	86	56.21	55	35.95	12	7.84
14012	255	97	38.04	107	41.96	51	20.00
14013	224	95	42.41	82	36.61	47	20.98
14014	232	121	52.16	69	29.74	42	18.10
14015	230	101	43.91	92	40.00	37	16.09
14016	175	82	46.86	75	42.86	18	10.29
14017	193	89	46.11	72	37.31	32	16.58
14018	115	62	53.91	31	26.96	22	19.13
14019	207	110	53.14	58	28.02	39	18.84
14020	138	66	47.83	56	40.58	16	11.59
14021	193	70	36.27	91	47.15	32	16.58
14022	309	134	43.37	122	39.48	53	17.15
14023	200	84	42.00	67	33.50	49	24.50
14024	362	142	39.23	121	33.43	99	27.35
14025	122	66	54.10	37	30.33	19	15.57
14026	158	67	42.41	70	44.30	21	13.29
14027	239	98	41.00	101	42.26	40	16.74
14028	160	70	43.75	61	38.13	29	18.13
14029	199	90	45.23	79	39.70	30	15.08
14030	118	56	47.46	51	43.22	11	9.32
14031	109	44	40.37	53	48.62	12	11.01
15001	225	95	42.22	94	41.78	36	16.00
15002	148	120	81.08	22	14.86	6	4.05
15003	150	117	78.00	25	16.67	8	5.33
15004	221	97	43.89	99	44.80	25	11.31
15005	216	111	51.39	82	37.96	23	10.65
15006	228	118	51.75	84	36.84	26	11.40
15007	145	104	71.72	34	23.45	7	4.83
15008	204	94	46.08	71	34.80	39	19.12
15009	301	144	47.84	117	38.87	40	13.29
15010	306	138	45.10	125	40.85	43	14.05
15011	244	118	48.36	87	35.66	39	15.98
15012	273	124	45.42	99	36.26	50	18.32
15013	200	85	42.50	80	40.00	35	17.50
15014	183	78	42.62	78	42.62	27	14.75
15015	196	101	51.53	57	29.08	38	19.39
15016	240	133	55.42	75	31.25	32	13.33
15017	180	137	76.11	38	21.11	5	2.78
15018	133	98	73.68	30	22.56	5	3.76
15019	208	123	59.13	61	29.33	24	11.54
15020	157	129	82.17	17	10.83	11	7.01
15021	138	112	81.16	21	15.22	5	3.62
15022	169	122	72.19	30	17.75	17	10.06
15023	155	126	81.29	21	13.55	8	5.16
15024	133	91	68.42	30	22.56	12	9.02
16001	199	92	46.23	75	37.69	32	16.08
16002	170	119	70.00	41	24.12	10	5.88
16003	132	99	75.00	29	21.97	4	3.03
16004	151	113	74.83	31	20.53	7	4.64
16005	110	89	80.91	15	13.64	6	5.45
16006	164	127	77.44	26	15.85	11	6.71
16007	155	101	65.16	38	24.52	16	10.32
16008	94	69	73.40	21	22.34	4	4.26
16009	165	119	72.12	37	22.42	9	5.45
16010	152	119	78.29	25	16.45	8	5.26
16011	126	75	59.52	40	31.75	11	8.73
16012	123	91	73.98	24	19.51	8	6.50
16013	120	70	58.33	39	32.50	11	9.17
16014	117	79	67.52	34	29.06	4	3.42
16015	181	128	70.72	44	24.31	9	4.97
16016	165	124	75.15	32	19.39	9	5.45
16017	118	84	71.19	26	22.03	8	6.78
16018	173	125	72.25	34	19.65	14	8.09
16019	143	96	67.13	34	23.78	13	9.09
16020	125	88	70.40	28	22.40	9	7.20
16021	141	104	73.76	28	19.86	9	6.38
16022	134	99	73.88	27	20.15	8	5.97
16023	131	75	57.25	43	32.82	13	9.92
16024	101	68	67.33	27	26.73	6	5.94
16025	198	146	73.74	39	19.70	13	6.57
16026	149	116	77.85	28	18.79	5	3.36
16027	130	96	73.85	25	19.23	9	6.92
16028	181	119	65.75	48	26.52	14	7.73
16029	131	98	74.81	24	18.32	9	6.87
16030	127	84	66.14	30	23.62	13	10.24
16031	169	132	78.11	35	20.71	2	1.18
16032	166	85	51.20	59	35.54	22	13.25
16033	139	100	71.94	33	23.74	6	4.32
16034	152	104	68.42	35	23.03	13	8.55
16035	185	118	63.78	53	28.65	14	7.57
16036	133	105	78.95	22	16.54	6	4.51
17001	182	99	54.40	57	31.32	26	14.29
17002	176	139	78.98	35	19.89	2	1.14
17003	207	146	70.53	43	20.77	18	8.70
17004	257	200	77.82	47	18.29	10	3.89
17005	154	107	69.48	33	21.43	14	9.09
17006	146	92	63.01	49	33.56	5	3.42
17007	135	83	61.48	45	33.33	7	5.19
17008	137	89	64.96	39	28.47	9	6.57
17009	160	121	75.63	30	18.75	9	5.63
17010	267	187	70.04	65	24.34	15	5.62
17011	154	106	68.83	38	24.68	10	6.49
17012	225	137	60.89	59	26.22	29	12.89
17013	185	138	74.59	40	21.62	7	3.78
17014	213	123	57.75	69	32.39	21	9.86
17015	209	153	73.21	51	24.40	5	2.39
17016	164	96	58.54	53	32.32	15	9.15
17017	183	126	68.85	46	25.14	11	6.01
17018	232	166	71.55	59	25.43	7	3.02
17019	99	68	68.69	25	25.25	6	6.06
17020	267	196	73.41	57	21.35	14	5.24
17021	319	230	72.10	74	23.20	15	4.70
17022	165	109	66.06	49	29.70	7	4.24
17023	109	82	75.23	21	19.27	6	5.50
17024	250	179	71.60	53	21.20	18	7.20
17025	138	95	68.84	35	25.36	8	5.80
17026	219	168	76.71	42	19.18	9	4.11
17027	187	131	70.05	46	24.60	10	5.35
17028	161	107	66.46	43	26.71	11	6.83
17029	198	143	72.22	50	25.25	5	2.53
17030	130	72	55.38	40	30.77	18	13.85
17031	112	80	71.43	24	21.43	8	7.14
17032	150	107	71.33	33	22.00	10	6.67
17033	119	81	68.07	30	25.21	8	6.72
17034	142	110	77.46	25	17.61	7	4.93
17035	146	111	76.03	28	19.18	7	4.79
17036	200	142	71.00	51	25.50	7	3.50
17037	176	132	75.00	36	20.45	8	4.55
17038	186	132	70.97	49	26.34	5	2.69
17039	194	136	70.10	47	24.23	11	5.67
17040	220	178	80.91	37	16.82	5	2.27
17041	258	201	77.91	53	20.54	4	1.55
18001	197	150	76.14	35	17.77	12	6.09
18002	173	98	56.65	54	31.21	21	12.14
18003	213	107	50.23	56	26.29	50	23.47
18004	287	227	79.09	55	19.16	5	1.74
18005	138	97	70.29	32	23.19	9	6.52
18006	222	113	50.90	67	30.18	42	18.92
18007	221	153	69.23	50	22.62	18	8.14
18008	280	205	73.21	56	20.00	19	6.79
18009	254	181	71.26	57	22.44	16	6.30
18010	364	271	74.45	81	22.25	12	3.30
18011	186	118	63.44	44	23.66	24	12.90
18012	261	202	77.39	46	17.62	13	4.98
18013	255	196	76.86	57	22.35	2	0.78
18014	265	213	80.38	42	15.85	10	3.77
18015	225	141	62.67	60	26.67	24	10.67
18016	222	170	76.58	44	19.82	8	3.60
18017	208	147	70.67	45	21.63	16	7.69
18018	236	177	75.00	46	19.49	13	5.51
18019	244	191	78.28	38	15.57	15	6.15
18020	184	146	79.35	36	19.57	2	1.09
18021	333	249	74.77	65	19.52	19	5.71
18022	319	252	79.00	54	16.93	13	4.08
18023	216	153	70.83	44	20.37	19	8.80
18024	193	87	45.08	65	33.68	41	21.24
18025	230	115	50.00	69	30.00	46	20.00
18026	308	235	76.30	59	19.16	14	4.55
18027	159	118	74.21	32	20.13	9	5.66
18028	241	113	46.89	75	31.12	53	21.99
18029	234	154	65.81	60	25.64	20	8.55
18030	237	111	46.84	74	31.22	52	21.94
18031	240	168	70.00	55	22.92	17	7.08
18032	258	210	81.40	37	14.34	11	4.26
18033	194	153	78.87	32	16.49	9	4.64
18034	333	262	78.68	57	17.12	14	4.20
18035	313	248	79.23	52	16.61	13	4.15
18036	231	154	66.67	53	22.94	24	10.39
18037	301	223	74.09	64	21.26	14	4.65
18038	230	175	76.09	42	18.26	13	5.65
18039	149	112	75.17	25	16.78	12	8.05
18040	238	133	55.88	73	30.67	32	13.45
18041	319	246	77.12	64	20.06	9	2.82
18042	178	136	76.40	30	16.85	12	6.74
18043	162	68	41.98	59	36.42	35	21.60
18044	227	119	52.42	62	27.31	46	20.26
18045	201	130	64.68	56	27.86	15	7.46
18046	239	117	48.95	74	30.96	48	20.08
18047	143	111	77.62	24	16.78	8	5.59
18048	174	119	68.39	34	19.54	21	12.07
18049	133	91	68.42	36	27.07	6	4.51
18050	168	108	64.29	46	27.38	14	8.33
19001	339	117	34.51	118	34.81	104	30.68
19002	455	260	57.14	159	34.95	36	7.91
19003	275	102	37.09	64	23.27	109	39.64
19004	391	155	39.64	100	25.58	136	34.78
19005	370	179	48.38	141	38.11	50	13.51
19006	367	134	36.51	111	30.25	122	33.24
19007	303	106	34.98	115	37.95	82	27.06
19008	374	144	38.50	99	26.47	131	35.03
19009	265	94	35.47	88	33.21	83	31.32
19010	386	164	42.49	154	39.90	68	17.62
19011	310	117	37.74	82	26.45	111	35.81
19012	290	110	37.93	75	25.86	105	36.21
19013	362	261	72.10	86	23.76	15	4.14
19014	360	139	38.61	154	42.78	67	18.61
19015	423	161	38.06	115	27.19	147	34.75
19016	360	126	35.00	102	28.33	132	36.67
19017	319	94	29.47	121	37.93	104	32.60
19018	321	105	32.71	140	43.61	76	23.68
19019	432	180	41.67	178	41.20	74	17.13
19020	299	141	47.16	106	35.45	52	17.39
19021	313	117	37.38	87	27.80	109	34.82
19022	387	152	39.28	141	36.43	94	24.29
19023	357	129	36.13	121	33.89	107	29.97
19024	267	84	31.46	68	25.47	115	43.07
19025	347	131	37.75	140	40.35	76	21.90
19026	342	107	31.29	163	47.66	72	21.05
19027	310	165	53.23	109	35.16	36	11.61
19028	327	229	70.03	77	23.55	21	6.42
19029	321	106	33.02	101	31.46	114	35.51
19030	299	95	31.77	90	30.10	114	38.13
19031	322	106	32.92	129	40.06	87	27.02
19032	316	110	34.81	112	35.44	94	29.75
19033	336	134	39.88	68	20.24	134	39.88
19034	327	107	32.72	141	43.12	79	24.16
19035	328	131	39.94	132	40.24	65	19.82
19036	373	231	61.93	121	32.44	21	5.63
19037	330	162	49.09	141	42.73	27	8.18
19038	289	164	56.75	99	34.26	26	9.00
19039	81	64	79.01	11	13.58	6	7.41
19040	328	157	47.87	115	35.06	56	17.07
19041	309	122	39.48	84	27.18	103	33.33
19042	259	138	53.28	93	35.91	28	10.81
19043	379	263	69.39	103	27.18	13	3.43
19044	263	88	33.46	70	26.62	105	39.92
19045	363	129	35.54	110	30.30	124	34.16
19046	371	150	40.43	115	31.00	106	28.57
19047	471	278	59.02	122	25.90	71	15.07
19048	301	209	69.44	78	25.91	14	4.65
19049	386	235	60.88	102	26.42	49	12.69
19050	269	105	39.03	102	37.92	62	23.05
19051	409	120	29.34	163	39.85	126	30.81
19052	359	120	33.43	101	28.13	138	38.44
19053	323	127	39.32	110	34.06	86	26.63
19054	285	109	38.25	72	25.26	104	36.49
19055	269	100	37.17	69	25.65	100	37.17
19056	375	169	45.07	149	39.73	57	15.20
19057	282	125	44.33	120	42.55	37	13.12
20001	246	177	71.95	60	24.39	9	3.66
20002	101	71	70.30	22	21.78	8	7.92
20003	200	132	66.00	58	29.00	10	5.00
20004	91	66	72.53	22	24.18	3	3.30
20005	259	187	72.20	60	23.17	12	4.63
20006	99	66	66.67	25	25.25	8	8.08
20007	212	152	71.70	47	22.17	13	6.13
20008	220	164	74.55	49	22.27	7	3.18
20009	352	215	61.08	124	35.23	13	3.69
20010	147	111	75.51	29	19.73	7	4.76
20011	273	187	68.50	70	25.64	16	5.86
20012	149	113	75.84	29	19.46	7	4.70
20013	261	186	71.26	57	21.84	18	6.90
20014	135	88	65.19	39	28.89	8	5.93
20015	155	74	47.74	58	37.42	23	14.84
20016	248	152	61.29	80	32.26	16	6.45
20017	121	65	53.72	40	33.06	16	13.22
20018	161	112	69.57	44	27.33	5	3.11
20019	217	149	68.66	55	25.35	13	5.99
20020	126	46	36.51	56	44.44	24	19.05
20021	135	89	65.93	39	28.89	7	5.19
20022	308	180	58.44	116	37.66	12	3.90
20023	225	156	69.33	57	25.33	12	5.33
20024	270	147	54.44	104	38.52	19	7.04
20025	161	111	68.94	40	24.84	10	6.21
20026	272	152	55.88	92	33.82	28	10.29
20027	116	80	68.97	28	24.14	8	6.90
20028	141	95	67.38	41	29.08	5	3.55
20029	302	208	68.87	63	20.86	31	10.26
20030	106	71	66.98	29	27.36	6	5.66
20031	251	166	66.14	72	28.69	13	5.18
20032	194	129	66.49	57	29.38	8	4.12
20033	139	97	69.78	38	27.34	4	2.88
20034	326	144	44.17	147	45.09	35	10.74
20035	124	84	67.74	33	26.61	7	5.65
20036	59	44	74.58	9	15.25	6	10.17
20037	66	42	63.64	20	30.30	4	6.06
20038	74	54	72.97	4	5.41	16	21.62
20039	16	14	87.50	2	12.50	0	0
21001	273	206	75.46	60	21.98	7	2.56
21002	148	118	79.73	22	14.86	8	5.41
21003	264	210	79.55	44	16.67	10	3.79
21004	208	157	75.48	40	19.23	11	5.29
21005	281	216	76.87	58	20.64	7	2.49
21006	183	137	74.86	35	19.13	11	6.01
21007	265	216	81.51	37	13.96	12	4.53
21008	233	181	77.68	46	19.74	6	2.58
21009	284	226	79.58	48	16.90	10	3.52
21010	194	134	69.07	50	25.77	10	5.15
21011	203	150	73.89	45	22.17	8	3.94
21012	218	169	77.52	42	19.27	7	3.21
21013	220	174	79.09	36	16.36	10	4.55
21014	257	204	79.38	40	15.56	13	5.06
21015	202	142	70.30	52	25.74	8	3.96
21016	203	149	73.40	44	21.67	10	4.93
21017	185	138	74.59	42	22.70	5	2.70
21018	261	205	78.54	50	19.16	6	2.30
21019	228	175	76.75	44	19.30	9	3.95
21020	191	157	82.20	31	16.23	3	1.57
21021	187	148	79.14	33	17.65	6	3.21
21022	217	169	77.88	33	15.21	15	6.91
21023	214	172	80.37	37	17.29	5	2.34
21024	245	189	77.14	43	17.55	13	5.31
21025	213	173	81.22	36	16.90	4	1.88
21026	189	139	73.54	39	20.63	11	5.82
21027	243	184	75.72	49	20.16	10	4.12
21028	267	200	74.91	50	18.73	17	6.37
21029	277	222	80.14	49	17.69	6	2.17
21030	176	136	77.27	33	18.75	7	3.98
21031	200	152	76.00	42	21.00	6	3.00
21032	234	191	81.62	36	15.38	7	2.99
21033	207	163	78.74	37	17.87	7	3.38
21034	208	160	76.92	40	19.23	8	3.85
21035	290	226	77.93	54	18.62	10	3.45
21036	224	173	77.23	45	20.09	6	2.68
21037	201	152	75.62	40	19.90	9	4.48
21038	205	148	72.20	51	24.88	6	2.93
21039	189	129	68.25	51	26.98	9	4.76
21040	218	168	77.06	44	20.18	6	2.75
21041	250	194	77.60	45	18.00	11	4.40
21042	259	212	81.85	37	14.29	10	3.86
21043	225	174	77.33	39	17.33	12	5.33
21044	229	179	78.17	44	19.21	6	2.62
21045	197	156	79.19	36	18.27	5	2.54
21046	255	199	78.04	44	17.25	12	4.71
21047	210	156	74.29	49	23.33	5	2.38
21048	219	167	76.26	43	19.63	9	4.11
21049	266	204	76.69	48	18.05	14	5.26
21050	182	147	80.77	29	15.93	6	3.30
21051	243	185	76.13	49	20.16	9	3.70
21052	230	166	72.17	54	23.48	10	4.35
21053	191	141	73.82	47	24.61	3	1.57
21054	208	155	74.52	41	19.71	12	5.77
22001	127	103	81.10	20	15.75	4	3.15
22002	266	99	37.22	110	41.35	57	21.43
22003	253	101	39.92	120	47.43	32	12.65
22004	153	77	50.33	65	42.48	11	7.19
22005	170	81	47.65	78	45.88	11	6.47
22006	166	72	43.37	79	47.59	15	9.04
22007	133	51	38.35	66	49.62	16	12.03
22008	298	122	40.94	129	43.29	47	15.77
22009	150	60	40.00	67	44.67	23	15.33
22010	245	103	42.04	113	46.12	29	11.84
22011	145	63	43.45	64	44.14	18	12.41
22012	208	85	40.87	86	41.35	37	17.79
22013	171	77	45.03	76	44.44	18	10.53
22014	154	61	39.61	65	42.21	28	18.18
22015	140	65	46.43	58	41.43	17	12.14
22016	145	66	45.52	62	42.76	17	11.72
22017	198	69	34.85	109	55.05	20	10.10
22018	158	69	43.67	69	43.67	20	12.66
22019	81	46	56.79	29	35.80	6	7.41
22020	158	71	44.94	68	43.04	19	12.03
22021	213	164	77.00	37	17.37	12	5.63
22022	184	69	37.50	91	49.46	24	13.04
22023	277	188	67.87	70	25.27	19	6.86
22024	232	113	48.71	87	37.50	32	13.79
22025	184	73	39.67	93	50.54	18	9.78
23001	258	105	40.70	72	27.91	81	31.40
23002	256	102	39.84	80	31.25	74	28.91
23003	264	92	34.85	91	34.47	81	30.68
23004	294	112	38.10	100	34.01	82	27.89
23005	206	78	37.86	96	46.60	32	15.53
23006	227	104	45.81	71	31.28	52	22.91
23007	166	83	50.00	52	31.33	31	18.67
23008	242	105	43.39	93	38.43	44	18.18
23009	156	72	46.15	58	37.18	26	16.67
23010	229	106	46.29	84	36.68	39	17.03
23011	205	99	48.29	72	35.12	34	16.59
23012	260	89	34.23	104	40.00	67	25.77
23013	143	66	46.15	51	35.66	26	18.18
23014	237	80	33.76	84	35.44	73	30.80
23015	165	80	48.48	57	34.55	28	16.97
23016	289	102	35.29	90	31.14	97	33.56
23017	111	49	44.14	48	43.24	14	12.61
23018	213	88	41.31	65	30.52	60	28.17
23019	137	72	52.55	45	32.85	20	14.60
23020	109	50	45.87	39	35.78	20	18.35
23021	278	98	35.25	110	39.57	70	25.18
23022	250	108	43.20	86	34.40	56	22.40
23023	245	85	34.69	89	36.33	71	28.98
23024	151	61	40.40	64	42.38	26	17.22
23025	156	72	46.15	59	37.82	25	16.03
23026	225	106	47.11	77	34.22	42	18.67
23027	263	91	34.60	85	32.32	87	33.08
23028	265	110	41.51	93	35.09	62	23.40
23029	227	91	40.09	80	35.24	56	24.67
23030	232	100	43.10	93	40.09	39	16.81
23031	150	62	41.33	65	43.33	23	15.33
23032	198	88	44.44	63	31.82	47	23.74
23033	192	88	45.83	77	40.10	27	14.06
23034	153	59	38.56	73	47.71	21	13.73
23035	182	66	36.26	69	37.91	47	25.82
23036	283	109	38.52	101	35.69	73	25.80
23037	305	111	36.39	119	39.02	75	24.59
23038	229	84	36.68	92	40.17	53	23.14
23039	191	84	43.98	83	43.46	24	12.57
24001	152	124	81.58	22	14.47	6	3.95
24002	156	121	77.56	27	17.31	8	5.13
24003	175	140	80.00	29	16.57	6	3.43
24004	108	91	84.26	16	14.81	1	0.93
24005	88	68	77.27	17	19.32	3	3.41
24006	201	148	73.63	48	23.88	5	2.49
24007	114	39	34.21	48	42.11	27	23.68
24008	80	61	76.25	15	18.75	4	5.00
24009	140	98	70.00	36	25.71	6	4.29
24010	79	60	75.95	17	21.52	2	2.53
24011	182	143	78.57	28	15.38	11	6.04
24012	108	83	76.85	19	17.59	6	5.56
24013	86	74	86.05	8	9.30	4	4.65
24014	141	102	72.34	29	20.57	10	7.09
24015	91	66	72.53	19	20.88	6	6.59
24016	303	148	48.84	112	36.96	43	14.19
24017	127	108	85.04	18	14.17	1	0.79
24018	147	110	74.83	32	21.77	5	3.40
24019	221	185	83.71	29	13.12	7	3.17
24020	126	104	82.54	20	15.87	2	1.59
24021	75	54	72.00	17	22.67	4	5.33
24022	198	162	81.82	31	15.66	5	2.53
24023	118	77	65.25	30	25.42	11	9.32
24024	169	135	79.88	29	17.16	5	2.96
24025	135	102	75.56	24	17.78	9	6.67
24026	259	204	78.76	46	17.76	9	3.47
24027	191	158	82.72	31	16.23	2	1.05
24028	131	90	68.70	29	22.14	12	9.16
24029	139	106	76.26	30	21.58	3	2.16
24030	96	77	80.21	18	18.75	1	1.04
24031	198	161	81.31	27	13.64	10	5.05
24032	75	67	89.33	7	9.33	1	1.33
24033	108	85	78.70	18	16.67	5	4.63
24034	161	123	76.40	26	16.15	12	7.45
24035	148	120	81.08	21	14.19	7	4.73
24036	213	161	75.59	37	17.37	15	7.04
24037	101	76	75.25	21	20.79	4	3.96
24038	161	105	65.22	41	25.47	15	9.32
24039	206	127	61.65	68	33.01	11	5.34
24040	172	132	76.74	33	19.19	7	4.07
24041	142	127	89.44	12	8.45	3	2.11
25001	262	85	32.44	146	55.73	31	11.83
25002	290	98	33.79	159	54.83	33	11.38
25003	294	79	26.87	149	50.68	66	22.45
25004	247	134	54.25	79	31.98	34	13.77
25005	351	102	29.06	201	57.26	48	13.68
25006	95	33	34.74	37	38.95	25	26.32
25007	307	101	32.90	171	55.70	35	11.40
25008	327	124	37.92	159	48.62	44	13.46
25009	280	91	32.50	152	54.29	37	13.21
25010	296	77	26.01	150	50.68	69	23.31
25011	283	86	30.39	155	54.77	42	14.84
25012	289	88	30.45	169	58.48	32	11.07
25013	312	99	31.73	163	52.24	50	16.03
25014	142	39	27.46	68	47.89	35	24.65
25015	257	92	35.80	117	45.53	48	18.68
25016	308	68	22.08	159	51.62	81	26.30
25017	334	132	39.52	166	49.70	36	10.78
25018	160	60	37.50	73	45.63	27	16.88
25019	314	83	26.43	183	58.28	48	15.29
25020	173	112	64.74	46	26.59	15	8.67
25021	388	135	34.79	182	46.91	71	18.30
25022	261	93	35.63	138	52.87	30	11.49
25023	345	103	29.86	222	64.35	20	5.80
25024	335	100	29.85	203	60.60	32	9.55
25025	279	76	27.24	141	50.54	62	22.22
25026	286	105	36.71	147	51.40	34	11.89
25027	234	52	22.22	140	59.83	42	17.95
25028	293	98	33.45	159	54.27	36	12.29
25029	256	144	56.25	83	32.42	29	11.33
25030	276	89	32.25	158	57.25	29	10.51
25031	315	62	19.68	191	60.63	62	19.68
25032	251	92	36.65	116	46.22	43	17.13
26001	209	63	30.14	114	54.55	32	15.31
26002	204	74	36.27	98	48.04	32	15.69
26003	212	52	24.53	132	62.26	28	13.21
26004	135	96	71.11	34	25.19	5	3.70
26005	178	60	33.71	105	58.99	13	7.30
26006	188	79	42.02	81	43.09	28	14.89
26007	194	42	21.65	126	64.95	26	13.40
26008	101	39	38.61	55	54.46	7	6.93
26009	160	75	46.88	53	33.13	32	20.00
26010	166	73	43.98	74	44.58	19	11.45
26011	199	84	42.21	96	48.24	19	9.55
26012	207	79	38.16	107	51.69	21	10.14
26013	108	59	54.63	36	33.33	13	12.04
26014	155	59	38.06	72	46.45	24	15.48
26015	104	58	55.77	31	29.81	15	14.42
26016	82	48	58.54	24	29.27	10	12.20
26017	176	49	27.84	87	49.43	40	22.73
26018	148	64	43.24	64	43.24	20	13.51
26019	120	77	64.17	37	30.83	6	5.00
26020	192	64	33.33	87	45.31	41	21.35
26021	235	89	37.87	110	46.81	36	15.32
26022	84	44	52.38	30	35.71	10	11.90
26023	126	44	34.92	63	50.00	19	15.08
26024	163	68	41.72	71	43.56	24	14.72
26025	186	70	37.63	89	47.85	27	14.52
26026	130	39	30.00	78	60.00	13	10.00
26027	268	82	30.60	148	55.22	38	14.18
26028	303	80	26.40	170	56.11	53	17.49
26029	119	46	38.66	57	47.90	16	13.45
26030	167	67	40.12	84	50.30	16	9.58
26031	84	42	50.00	29	34.52	13	15.48
26032	234	61	26.07	119	50.85	54	23.08
26033	226	58	25.66	131	57.96	37	16.37
26034	258	77	29.84	145	56.20	36	13.95
26035	201	87	43.28	85	42.29	29	14.43
26036	211	57	27.01	121	57.35	33	15.64
26037	200	70	35.00	102	51.00	28	14.00
26038	88	48	54.55	26	29.55	14	15.91
26039	207	61	29.47	103	49.76	43	20.77
26040	136	55	40.44	67	49.26	14	10.29
26041	208	74	35.58	100	48.08	34	16.35
26042	156	49	31.41	87	55.77	20	12.82
26043	117	53	45.30	56	47.86	8	6.84
26044	109	58	53.21	39	35.78	12	11.01
26045	87	45	51.72	35	40.23	7	8.05
26046	152	36	23.68	84	55.26	32	21.05
26047	103	41	39.81	46	44.66	16	15.53
26048	175	59	33.71	96	54.86	20	11.43
26049	87	31	35.63	44	50.57	12	13.79
27001	340	100	29.41	182	53.53	58	17.06
27002	231	114	49.35	84	36.36	33	14.29
27003	126	98	77.78	19	15.08	9	7.14
27004	128	78	60.94	40	31.25	10	7.81
27005	178	139	78.09	28	15.73	11	6.18
27006	202	102	50.50	75	37.13	25	12.38
27007	282	89	31.56	146	51.77	47	16.67
27008	149	115	77.18	25	16.78	9	6.04
27009	116	50	43.10	51	43.97	15	12.93
27010	300	219	73.00	65	21.67	16	5.33
27011	236	79	33.47	112	47.46	45	19.07
27012	153	41	26.80	75	49.02	37	24.18
27013	343	234	68.22	82	23.91	27	7.87
27014	90	73	81.11	16	17.78	1	1.11
27015	107	80	74.77	24	22.43	3	2.80
27016	190	44	23.16	107	56.32	39	20.53
27017	211	133	63.03	57	27.01	21	9.95
27018	154	108	70.13	36	23.38	10	6.49
27019	93	68	73.12	20	21.51	5	5.38
27020	117	82	70.09	29	24.79	6	5.13
27021	218	79	36.24	106	48.62	33	15.14
27022	102	81	79.41	20	19.61	1	0.98
27023	173	131	75.72	31	17.92	11	6.36
27024	126	85	67.46	30	23.81	11	8.73
27025	218	126	57.80	66	30.28	26	11.93
27026	194	138	71.13	40	20.62	16	8.25
27027	239	159	66.53	65	27.20	15	6.28
27028	171	89	52.05	60	35.09	22	12.87
27029	132	97	73.48	26	19.70	9	6.82
27030	110	86	78.18	21	19.09	3	2.73
27031	168	124	73.81	41	24.40	3	1.79
27032	218	135	61.93	69	31.65	14	6.42
27033	211	98	46.45	81	38.39	32	15.17
27034	185	144	77.84	32	17.30	9	4.86
27035	243	61	25.10	135	55.56	47	19.34
27036	174	107	61.49	53	30.46	14	8.05
27037	295	171	57.97	94	31.86	30	10.17
27038	282	152	53.90	98	34.75	32	11.35
27039	189	133	70.37	51	26.98	5	2.65
27040	257	130	50.58	102	39.69	25	9.73
27041	227	177	77.97	33	14.54	17	7.49
27042	149	70	46.98	55	36.91	24	16.11
27043	130	91	70.00	30	23.08	9	6.92
27044	141	126	89.36	14	9.93	1	0.71
27045	338	80	23.67	185	54.73	73	21.60
27046	180	55	30.56	96	53.33	29	16.11
27047	195	117	60.00	60	30.77	18	9.23
27048	300	156	52.00	103	34.33	41	13.67
27049	165	126	76.36	30	18.18	9	5.45
27050	202	167	82.67	22	10.89	13	6.44
28001	111	91	81.98	13	11.71	7	6.31
28002	181	116	64.09	54	29.83	11	6.08
28003	138	102	73.91	32	23.19	4	2.90
28004	156	47	30.13	85	54.49	24	15.38
28005	135	92	68.15	28	20.74	15	11.11
28006	140	61	43.57	69	49.29	10	7.14
28007	178	149	83.71	21	11.80	8	4.49
28008	172	54	31.40	82	47.67	36	20.93
28009	176	144	81.82	28	15.91	4	2.27
28010	234	95	40.60	108	46.15	31	13.25
28011	343	159	46.36	149	43.44	35	10.20
28012	175	147	84.00	20	11.43	8	4.57
28013	223	193	86.55	25	11.21	5	2.24
28014	158	129	81.65	23	14.56	6	3.80
28015	54	45	83.33	8	14.81	1	1.85
28016	106	91	85.85	11	10.38	4	3.77
28017	145	130	89.66	7	4.83	8	5.52
28018	142	110	77.46	24	16.90	8	5.63
28019	172	64	37.21	84	48.84	24	13.95
28020	176	139	78.98	32	18.18	5	2.84
28021	145	131	90.34	12	8.28	2	1.38
28022	168	119	70.83	40	23.81	9	5.36
28023	202	164	81.19	27	13.37	11	5.45
28024	160	132	82.50	22	13.75	6	3.75
28025	246	203	82.52	36	14.63	7	2.85
28026	172	138	80.23	25	14.53	9	5.23
28027	206	62	30.10	99	48.06	45	21.84
28028	261	73	27.97	132	50.57	56	21.46
28029	85	64	75.29	17	20.00	4	4.71
28030	28	25	89.29	3	10.71	0	0
28031	303	240	79.21	46	15.18	17	5.61
28032	163	126	77.30	26	15.95	11	6.75
28033	196	168	85.71	24	12.24	4	2.04
28034	245	184	75.10	42	17.14	19	7.76
28035	165	139	84.24	22	13.33	4	2.42
28036	98	80	81.63	12	12.24	6	6.12
28037	201	166	82.59	30	14.93	5	2.49
28038	73	56	76.71	10	13.70	7	9.59
28039	119	95	79.83	19	15.97	5	4.20
28040	224	199	88.84	19	8.48	6	2.68
28041	115	83	72.17	26	22.61	6	5.22
28042	175	154	88.00	15	8.57	6	3.43
28043	204	163	79.90	30	14.71	11	5.39
28044	124	102	82.26	18	14.52	4	3.23
28045	182	57	31.32	90	49.45	35	19.23
28046	356	133	37.36	163	45.79	60	16.85
29001	344	164	47.67	134	38.95	46	13.37
29002	293	229	78.16	50	17.06	14	4.78
29003	217	167	76.96	38	17.51	12	5.53
29004	253	201	79.45	42	16.60	10	3.95
29005	150	116	77.33	25	16.67	9	6.00
29006	164	126	76.83	36	21.95	2	1.22
29007	251	161	64.14	62	24.70	28	11.16
29008	153	120	78.43	28	18.30	5	3.27
29009	323	142	43.96	125	38.70	56	17.34
29010	353	163	46.18	141	39.94	49	13.88
29011	137	97	70.80	32	23.36	8	5.84
29012	297	212	71.38	75	25.25	10	3.37
29013	247	195	78.95	43	17.41	9	3.64
29014	219	178	81.28	33	15.07	8	3.65
29015	246	203	82.52	33	13.41	10	4.07
29016	220	188	85.45	21	9.55	11	5.00
29017	203	159	78.33	36	17.73	8	3.94
29018	214	163	76.17	42	19.63	9	4.21
29019	227	165	72.69	48	21.15	14	6.17
29020	240	184	76.67	43	17.92	13	5.42
29021	238	171	71.85	54	22.69	13	5.46
29022	199	119	59.80	60	30.15	20	10.05
29023	263	116	44.11	107	40.68	40	15.21
29024	202	151	74.75	37	18.32	14	6.93
29025	289	229	79.24	50	17.30	10	3.46
29026	251	162	64.54	70	27.89	19	7.57
29027	191	146	76.44	34	17.80	11	5.76
29028	248	184	74.19	48	19.35	16	6.45
29029	232	91	39.22	86	37.07	55	23.71
29030	355	217	61.13	99	27.89	39	10.99
29031	208	76	36.54	79	37.98	53	25.48
29032	209	69	33.01	82	39.23	58	27.75
29033	205	136	66.34	55	26.83	14	6.83
29034	164	99	60.37	43	26.22	22	13.41
29035	158	117	74.05	38	24.05	3	1.90
29036	202	167	82.67	26	12.87	9	4.46
29037	203	147	72.41	46	22.66	10	4.93
29038	203	85	41.87	71	34.98	47	23.15
29039	229	90	39.30	83	36.24	56	24.45
29040	269	204	75.84	54	20.07	11	4.09
29041	178	138	77.53	34	19.10	6	3.37
29042	240	186	77.50	41	17.08	13	5.42
29043	298	174	58.39	97	32.55	27	9.06
29044	287	201	70.03	72	25.09	14	4.88
30001	264	101	38.26	115	43.56	48	18.18
30002	267	113	42.32	120	44.94	34	12.73
30003	203	43	21.18	136	67.00	24	11.82
30004	218	78	35.78	91	41.74	49	22.48
30005	145	73	50.34	51	35.17	21	14.48
30006	218	88	40.37	89	40.83	41	18.81
30007	281	79	28.11	146	51.96	56	19.93
30008	299	73	24.41	180	60.20	46	15.38
30009	198	82	41.41	83	41.92	33	16.67
30010	250	114	45.60	104	41.60	32	12.80
30011	198	93	46.97	76	38.38	29	14.65
30012	174	69	39.66	72	41.38	33	18.97
30013	217	84	38.71	97	44.70	36	16.59
30014	131	55	41.98	50	38.17	26	19.85
30015	276	60	21.74	173	62.68	43	15.58
30016	119	63	52.94	37	31.09	19	15.97
30017	262	113	43.13	113	43.13	36	13.74
30018	261	72	27.59	150	57.47	39	14.94
30019	193	89	46.11	70	36.27	34	17.62
30020	254	77	30.31	120	47.24	57	22.44
30021	188	71	37.77	90	47.87	27	14.36
30022	297	75	25.25	178	59.93	44	14.81
30023	230	69	30.00	124	53.91	37	16.09
30024	288	59	20.49	186	64.58	43	14.93
30025	324	99	30.56	177	54.63	48	14.81
30026	168	61	36.31	77	45.83	30	17.86
30027	168	61	36.31	82	48.81	25	14.88
30028	262	70	26.72	155	59.16	37	14.12
30029	100	50	50.00	34	34.00	16	16.00
30030	105	52	49.52	37	35.24	16	15.24
30031	164	65	39.63	72	43.90	27	16.46
30032	204	65	31.86	109	53.43	30	14.71
31001	127	52	40.94	65	51.18	10	7.87
31002	130	60	46.15	56	43.08	14	10.77
31003	154	61	39.61	65	42.21	28	18.18
31004	228	70	30.70	132	57.89	26	11.40
31005	196	92	46.94	82	41.84	22	11.22
31006	129	61	47.29	45	34.88	23	17.83
31007	240	73	30.42	126	52.50	41	17.08
31008	116	44	37.93	57	49.14	15	12.93
31009	128	49	38.28	62	48.44	17	13.28
31010	129	48	37.21	62	48.06	19	14.73
31011	112	40	35.71	52	46.43	20	17.86
31012	138	62	44.93	48	34.78	28	20.29
31013	150	57	38.00	71	47.33	22	14.67
31014	133	63	47.37	56	42.11	14	10.53
31015	138	63	45.65	53	38.41	22	15.94
31016	184	46	25.00	116	63.04	22	11.96
31017	145	54	37.24	69	47.59	22	15.17
31018	128	48	37.50	58	45.31	22	17.19
31019	136	57	41.91	52	38.24	27	19.85
31020	132	53	40.15	49	37.12	30	22.73
31021	150	61	40.67	63	42.00	26	17.33
31022	106	50	47.17	48	45.28	8	7.55
31023	161	60	37.27	78	48.45	23	14.29
31024	176	80	45.45	69	39.20	27	15.34
31025	116	45	38.79	45	38.79	26	22.41
31026	173	80	46.24	76	43.93	17	9.83
31027	183	81	44.26	71	38.80	31	16.94
31028	109	35	32.11	49	44.95	25	22.94
31029	163	70	42.94	72	44.17	21	12.88
31030	107	39	36.45	52	48.60	16	14.95
31031	138	46	33.33	66	47.83	26	18.84
31032	112	55	49.11	41	36.61	16	14.29
31033	105	40	38.10	53	50.48	12	11.43
31034	148	54	36.49	67	45.27	27	18.24
31035	165	84	50.91	57	34.55	24	14.55
31036	192	64	33.33	100	52.08	28	14.58
31037	134	51	38.06	61	45.52	22	16.42
31038	99	40	40.40	38	38.38	21	21.21
31039	159	54	33.96	83	52.20	22	13.84
31040	155	56	36.13	82	52.90	17	10.97
31041	141	61	43.26	61	43.26	19	13.48
32001	299	73	24.41	149	49.83	77	25.75
32002	254	50	19.69	142	55.91	62	24.41
32003	365	72	19.73	237	64.93	56	15.34
32004	277	54	19.49	147	53.07	76	27.44
32005	266	61	22.93	144	54.14	61	22.93
32006	265	58	21.89	153	57.74	54	20.38
32007	253	53	20.95	142	56.13	58	22.92
32008	280	66	23.57	157	56.07	57	20.36
32009	240	63	26.25	147	61.25	30	12.50
32010	261	50	19.16	161	61.69	50	19.16
32011	281	53	18.86	188	66.90	40	14.23
32012	241	45	18.67	154	63.90	42	17.43
32013	250	53	21.20	148	59.20	49	19.60
32014	320	64	20.00	199	62.19	57	17.81
32015	277	58	20.94	158	57.04	61	22.02
32016	275	63	22.91	164	59.64	48	17.45
32017	305	72	23.61	176	57.70	57	18.69
32018	246	57	23.17	128	52.03	61	24.80
32019	264	53	20.08	161	60.98	50	18.94
32020	276	63	22.83	166	60.14	47	17.03
32021	343	40	11.66	239	69.68	64	18.66
32022	379	74	19.53	232	61.21	73	19.26
32023	286	51	17.83	153	53.50	82	28.67
32024	172	50	29.07	89	51.74	33	19.19
32025	280	52	18.57	179	63.93	49	17.50
32026	357	66	18.49	240	67.23	51	14.29
32027	267	56	20.97	145	54.31	66	24.72
32028	306	55	17.97	201	65.69	50	16.34
32029	306	73	23.86	171	55.88	62	20.26
32030	256	60	23.44	144	56.25	52	20.31
32031	276	71	25.72	145	52.54	60	21.74
32032	297	58	19.53	164	55.22	75	25.25
32033	299	76	25.42	154	51.51	69	23.08
32034	271	72	26.57	138	50.92	61	22.51
32035	260	64	24.62	139	53.46	57	21.92
32036	275	54	19.64	161	58.55	60	21.82
32037	234	51	21.79	145	61.97	38	16.24
32038	230	55	23.91	147	63.91	28	12.17
32039	279	63	22.58	146	52.33	70	25.09
32040	321	70	21.81	190	59.19	61	19.00
32041	319	80	25.08	170	53.29	69	21.63
32042	226	53	23.45	130	57.52	43	19.03
32043	279	54	19.35	191	68.46	34	12.19
33001	341	88	25.81	211	61.88	42	12.32
33002	415	90	21.69	249	60.00	76	18.31
33003	473	112	23.68	321	67.86	40	8.46
33004	414	100	24.15	234	56.52	80	19.32
33005	294	90	30.61	162	55.10	42	14.29
33006	285	103	36.14	141	49.47	41	14.39
33007	366	104	28.42	201	54.92	61	16.67
33008	541	82	15.16	383	70.79	76	14.05
33009	399	117	29.32	209	52.38	73	18.30
33010	356	106	29.78	194	54.49	56	15.73
33011	370	117	31.62	208	56.22	45	12.16
33012	318	94	29.56	183	57.55	41	12.89
33013	309	91	29.45	176	56.96	42	13.59
33014	146	36	24.66	87	59.59	23	15.75
33015	327	86	26.30	182	55.66	59	18.04
33016	426	150	35.21	216	50.70	60	14.08
33017	357	99	27.73	198	55.46	60	16.81
33018	414	99	23.91	252	60.87	63	15.22
33019	347	92	26.51	179	51.59	76	21.90
33020	382	81	21.20	242	63.35	59	15.45
33021	353	68	19.26	225	63.74	60	17.00
33022	323	90	27.86	179	55.42	54	16.72
33023	390	94	24.10	261	66.92	35	8.97
33024	537	65	12.10	388	72.25	84	15.64
33025	403	98	24.32	244	60.55	61	15.14
33026	236	65	27.54	141	59.75	30	12.71
33027	352	78	22.16	216	61.36	58	16.48
33028	311	72	23.15	194	62.38	45	14.47
34001	244	192	78.69	49	20.08	3	1.23
34002	231	159	68.83	45	19.48	27	11.69
34003	226	164	72.57	55	24.34	7	3.10
34004	134	105	78.36	23	17.16	6	4.48
34005	193	149	77.20	40	20.73	4	2.07
34006	248	186	75.00	46	18.55	16	6.45
34007	273	203	74.36	61	22.34	9	3.30
34008	159	126	79.25	29	18.24	4	2.52
34009	160	112	70.00	40	25.00	8	5.00
34010	235	186	79.15	41	17.45	8	3.40
34011	156	117	75.00	27	17.31	12	7.69
34012	271	205	75.65	53	19.56	13	4.80
34013	222	163	73.42	46	20.72	13	5.86
34014	168	122	72.62	37	22.02	9	5.36
34015	185	135	72.97	38	20.54	12	6.49
34016	182	138	75.82	35	19.23	9	4.95
34017	282	216	76.60	57	20.21	9	3.19
34018	170	133	78.24	30	17.65	7	4.12
34019	243	191	78.60	42	17.28	10	4.12
34020	302	234	77.48	52	17.22	16	5.30
34021	291	225	77.32	58	19.93	8	2.75
34022	249	212	85.14	32	12.85	5	2.01
34023	188	147	78.19	30	15.96	11	5.85
34024	195	140	71.79	47	24.10	8	4.10
34025	332	252	75.90	66	19.88	14	4.22
34026	248	199	80.24	39	15.73	10	4.03
34027	172	133	77.33	33	19.19	6	3.49
34028	132	106	80.30	22	16.67	4	3.03
34029	175	131	74.86	35	20.00	9	5.14
34030	265	206	77.74	54	20.38	5	1.89
34031	190	148	77.89	32	16.84	10	5.26
34032	207	147	71.01	53	25.60	7	3.38
34033	176	128	72.73	42	23.86	6	3.41
34034	255	196	76.86	50	19.61	9	3.53
34035	254	203	79.92	44	17.32	7	2.76
34036	240	184	76.67	49	20.42	7	2.92
34037	121	102	84.30	14	11.57	5	4.13
34038	96	77	80.21	16	16.67	3	3.13
34039	143	119	83.22	19	13.29	5	3.50
34040	241	200	82.99	38	15.77	3	1.24
34041	151	110	72.85	32	21.19	9	5.96
34042	229	189	82.53	34	14.85	6	2.62
34043	250	202	80.80	39	15.60	9	3.60
34044	247	195	78.95	45	18.22	7	2.83
34045	246	194	78.86	39	15.85	13	5.28
34046	167	120	71.86	43	25.75	4	2.40
34047	201	160	79.60	33	16.42	8	3.98
34048	273	226	82.78	40	14.65	7	2.56
34049	225	171	76.00	45	20.00	9	4.00
34050	167	131	78.44	28	16.77	8	4.79
34051	263	202	76.81	55	20.91	6	2.28
34052	203	170	83.74	32	15.76	1	0.49
34053	118	95	80.51	18	15.25	5	4.24
35001	272	65	23.90	163	59.93	44	16.18
35002	358	84	23.46	204	56.98	70	19.55
35003	195	60	30.77	115	58.97	20	10.26
35004	261	68	26.05	148	56.70	45	17.24
35005	231	67	29.00	127	54.98	37	16.02
35006	236	62	26.27	139	58.90	35	14.83
35007	251	52	20.72	161	64.14	38	15.14
35008	271	78	28.78	160	59.04	33	12.18
35009	243	64	26.34	136	55.97	43	17.70
35010	344	80	23.26	215	62.50	49	14.24
35011	294	76	25.85	168	57.14	50	17.01
35012	138	65	47.10	60	43.48	13	9.42
35013	124	64	51.61	49	39.52	11	8.87
35014	169	62	36.69	85	50.30	22	13.02
35015	299	73	24.41	175	58.53	51	17.06
35016	144	69	47.92	59	40.97	16	11.11
35017	287	73	25.44	164	57.14	50	17.42
35018	161	66	40.99	76	47.20	19	11.80
35019	109	51	46.79	36	33.03	22	20.18
35020	205	51	24.88	126	61.46	28	13.66
35021	240	80	33.33	127	52.92	33	13.75
35022	295	92	31.19	158	53.56	45	15.25
35023	267	73	27.34	162	60.67	32	11.99
35024	259	76	29.34	121	46.72	62	23.94
35025	257	70	27.24	138	53.70	49	19.07
35026	234	59	25.21	140	59.83	35	14.96
35027	201	72	35.82	102	50.75	27	13.43
35028	263	70	26.62	159	60.46	34	12.93
35029	213	85	39.91	94	44.13	34	15.96
35030	234	99	42.31	103	44.02	32	13.68
35031	287	77	26.83	169	58.89	41	14.29
36001	188	88	46.81	75	39.89	25	13.30
36002	158	92	58.23	52	32.91	14	8.86
36003	167	80	47.90	61	36.53	26	15.57
36004	147	70	47.62	51	34.69	26	17.69
36005	152	76	50.00	61	40.13	15	9.87
36006	147	76	51.70	48	32.65	23	15.65
36007	272	84	30.88	123	45.22	65	23.90
36008	128	52	40.63	62	48.44	14	10.94
36009	119	61	51.26	39	32.77	19	15.97
36010	226	95	42.04	89	39.38	42	18.58
36011	125	59	47.20	51	40.80	15	12.00
36012	93	47	50.54	35	37.63	11	11.83
36013	117	64	54.70	42	35.90	11	9.40
36014	230	81	35.22	102	44.35	47	20.43
36015	219	92	42.01	85	38.81	42	19.18
36016	241	86	35.68	108	44.81	47	19.50
36017	264	101	38.26	119	45.08	44	16.67
36018	222	79	35.59	104	46.85	39	17.57
36019	187	83	44.39	71	37.97	33	17.65
36020	215	62	28.84	105	48.84	48	22.33
36021	116	56	48.28	43	37.07	17	14.66
36022	114	58	50.88	45	39.47	11	9.65
36023	121	71	58.68	34	28.10	16	13.22
36024	192	85	44.27	76	39.58	31	16.15
36025	142	79	55.63	42	29.58	21	14.79
36026	201	68	33.83	91	45.27	42	20.90
36027	186	79	42.47	75	40.32	32	17.20
36028	182	83	45.60	58	31.87	41	22.53
36029	239	89	37.24	97	40.59	53	22.18
36030	195	70	35.90	87	44.62	38	19.49
37001	128	83	64.84	30	23.44	15	11.72
37002	125	78	62.40	36	28.80	11	8.80
37003	118	92	77.97	24	20.34	2	1.69
37004	149	118	79.19	22	14.77	9	6.04
37005	245	210	85.71	30	12.24	5	2.04
37006	202	156	77.23	38	18.81	8	3.96
37007	131	101	77.10	21	16.03	9	6.87
37008	101	66	65.35	29	28.71	6	5.94
37009	187	138	73.80	41	21.93	8	4.28
37010	203	153	75.37	37	18.23	13	6.40
37011	126	96	76.19	21	16.67	9	7.14
37012	134	88	65.67	36	26.87	10	7.46
37013	127	98	77.17	25	19.69	4	3.15
37014	180	151	83.89	28	15.56	1	0.56
37015	227	178	78.41	34	14.98	15	6.61
37016	222	166	74.77	39	17.57	17	7.66
37017	173	138	79.77	28	16.18	7	4.05
37018	180	138	76.67	34	18.89	8	4.44
37019	116	90	77.59	21	18.10	5	4.31
37020	140	103	73.57	25	17.86	12	8.57
37021	174	126	72.41	29	16.67	19	10.92
37022	166	113	68.07	42	25.30	11	6.63
37023	190	157	82.63	29	15.26	4	2.11
37024	208	155	74.52	39	18.75	14	6.73
37025	162	124	76.54	33	20.37	5	3.09
37026	257	207	80.54	40	15.56	10	3.89
37027	200	158	79.00	33	16.50	9	4.50
37028	166	128	77.11	33	19.88	5	3.01
37029	189	156	82.54	28	14.81	5	2.65
37030	183	139	75.96	37	20.22	7	3.83
37031	204	168	82.35	30	14.71	6	2.94
37032	183	138	75.41	39	21.31	6	3.28
37033	230	187	81.30	30	13.04	13	5.65
37034	172	139	80.81	25	14.53	8	4.65
37035	231	184	79.65	38	16.45	9	3.90
37036	173	130	75.14	39	22.54	4	2.31
37037	254	179	70.47	55	21.65	20	7.87
37038	224	167	74.55	41	18.30	16	7.14
37039	167	129	77.25	29	17.37	9	5.39
37040	230	184	80.00	36	15.65	10	4.35
37041	173	133	76.88	34	19.65	6	3.47
38001	213	63	29.58	109	51.17	41	19.25
38002	333	101	30.33	118	35.44	114	34.23
38003	225	86	38.22	84	37.33	55	24.44
38004	238	100	42.02	89	37.39	49	20.59
38005	213	68	31.92	87	40.85	58	27.23
38006	208	74	35.58	81	38.94	53	25.48
38007	223	69	30.94	91	40.81	63	28.25
38008	204	54	26.47	107	52.45	43	21.08
38009	283	96	33.92	110	38.87	77	27.21
38010	183	56	30.60	85	46.45	42	22.95
38011	223	69	30.94	102	45.74	52	23.32
38012	271	82	30.26	106	39.11	83	30.63
38013	265	94	35.47	103	38.87	68	25.66
38014	275	94	34.18	121	44.00	60	21.82
38015	219	80	36.53	97	44.29	42	19.18
38016	253	78	30.83	107	42.29	68	26.88
38017	280	97	34.64	101	36.07	82	29.29
38018	279	69	24.73	120	43.01	90	32.26
38019	306	121	39.54	116	37.91	69	22.55
38020	263	100	38.02	89	33.84	74	28.14
38021	204	66	32.35	99	48.53	39	19.12
38022	242	74	30.58	114	47.11	54	22.31
38023	260	73	28.08	119	45.77	68	26.15
38024	263	93	35.36	101	38.40	69	26.24
38025	203	76	37.44	81	39.90	46	22.66
38026	251	70	27.89	121	48.21	60	23.90
38027	229	91	39.74	77	33.62	61	26.64
38028	298	107	35.91	99	33.22	92	30.87
38029	217	78	35.94	88	40.55	51	23.50
38030	208	68	32.69	70	33.65	70	33.65
38031	288	63	21.88	150	52.08	75	26.04
38032	192	43	22.40	106	55.21	43	22.40
38033	217	73	33.64	101	46.54	43	19.82
38034	269	94	34.94	135	50.19	40	14.87
38035	251	86	34.26	128	51.00	37	14.74
38036	206	61	29.61	93	45.15	52	25.24
38037	248	93	37.50	95	38.31	60	24.19
38038	218	70	32.11	97	44.50	51	23.39
38039	286	103	36.01	122	42.66	61	21.33
38040	248	82	33.06	110	44.35	56	22.58
38041	250	60	24.00	142	56.80	48	19.20
39001	306	68	22.22	158	51.63	80	26.14
39002	303	86	28.38	142	46.86	75	24.75
39003	310	66	21.29	197	63.55	47	15.16
39004	283	82	28.98	135	47.70	66	23.32
39005	299	84	28.09	163	54.52	52	17.39
39006	273	72	26.37	138	50.55	63	23.08
39007	257	74	28.79	142	55.25	41	15.95
39008	281	87	30.96	150	53.38	44	15.66
39009	263	75	28.52	128	48.67	60	22.81
39010	153	39	25.49	91	59.48	23	15.03
39011	274	91	33.21	120	43.80	63	22.99
39012	308	94	30.52	171	55.52	43	13.96
39013	212	74	34.91	92	43.40	46	21.70
39014	286	73	25.52	156	54.55	57	19.93
39015	308	94	30.52	152	49.35	62	20.13
39016	168	55	32.74	86	51.19	27	16.07
39017	330	84	25.45	192	58.18	54	16.36
39018	278	72	25.90	153	55.04	53	19.06
39019	305	78	25.57	162	53.11	65	21.31
39020	378	109	28.84	154	40.74	115	30.42
39021	279	93	33.33	120	43.01	66	23.66
39022	184	39	21.20	113	61.41	32	17.39
39023	351	107	30.48	151	43.02	93	26.50
39024	412	120	29.13	183	44.42	109	26.46
39025	179	58	32.40	89	49.72	32	17.88
39026	286	76	26.57	141	49.30	69	24.13
39027	65	12	18.46	38	58.46	15	23.08
39028	399	106	26.57	240	60.15	53	13.28
39029	137	31	22.63	83	60.58	23	16.79
39030	299	73	24.41	185	61.87	41	13.71
39031	236	86	36.44	119	50.42	31	13.14
39032	235	62	26.38	119	50.64	54	22.98
39033	293	63	21.50	169	57.68	61	20.82
39034	265	86	32.45	130	49.06	49	18.49
39035	289	76	26.30	172	59.52	41	14.19
39036	84	29	34.52	39	46.43	16	19.05
39037	323	88	27.24	163	50.46	72	22.29
39038	187	47	25.13	108	57.75	32	17.11
39039	187	64	34.22	92	49.20	31	16.58
39040	280	71	25.36	136	48.57	73	26.07
39041	339	92	27.14	179	52.80	68	20.06
39042	351	81	23.08	189	53.85	81	23.08
39043	312	92	29.49	137	43.91	83	26.60
39044	271	80	29.52	128	47.23	63	23.25
39045	315	98	31.11	158	50.16	59	18.73
40001	265	76	28.68	140	52.83	49	18.49
40002	243	56	23.05	159	65.43	28	11.52
40003	392	80	20.41	274	69.90	38	9.69
40004	191	44	23.04	113	59.16	34	17.80
40005	351	74	21.08	230	65.53	47	13.39
40006	397	59	14.86	287	72.29	51	12.85
40007	372	52	13.98	289	77.69	31	8.33
40008	444	58	13.06	335	75.45	51	11.49
40009	236	100	42.37	100	42.37	36	15.25
40010	240	70	29.17	133	55.42	37	15.42
40011	396	56	14.14	296	74.75	44	11.11
40012	266	41	15.41	197	74.06	28	10.53
40013	498	65	13.05	375	75.30	58	11.65
40014	210	68	32.38	111	52.86	31	14.76
40015	272	101	37.13	132	48.53	39	14.34
40016	481	62	12.89	353	73.39	66	13.72
40017	315	55	17.46	200	63.49	60	19.05
40018	182	68	37.36	91	50.00	23	12.64
40019	349	86	24.64	200	57.31	63	18.05
40020	253	86	33.99	142	56.13	25	9.88
40021	417	88	21.10	270	64.75	59	14.15
40022	334	70	20.96	211	63.17	53	15.87
40023	457	112	24.51	277	60.61	68	14.88
40024	228	62	27.19	120	52.63	46	20.18
40025	392	50	12.76	299	76.28	43	10.97
40026	357	79	22.13	232	64.99	46	12.89
40027	398	107	26.88	219	55.03	72	18.09
40028	350	88	25.14	216	61.71	46	13.14
40029	342	101	29.53	191	55.85	50	14.62
40030	323	76	23.53	195	60.37	52	16.10
40031	370	62	16.76	261	70.54	47	12.70
40032	380	87	22.89	247	65.00	46	12.11
40033	367	80	21.80	234	63.76	53	14.44
40034	250	64	25.60	156	62.40	30	12.00
40035	201	80	39.80	80	39.80	41	20.40
40036	309	89	28.80	169	54.69	51	16.50
40037	274	68	24.82	166	60.58	40	14.60
40038	427	54	12.65	325	76.11	48	11.24
40039	71	29	40.85	31	43.66	11	15.49
41001	321	95	29.60	107	33.33	119	37.07
41002	336	115	34.23	104	30.95	117	34.82
41003	342	87	25.44	163	47.66	92	26.90
41004	356	103	28.93	153	42.98	100	28.09
41005	336	102	30.36	126	37.50	108	32.14
41006	415	98	23.61	203	48.92	114	27.47
41007	376	116	30.85	147	39.10	113	30.05
41008	345	106	30.72	113	32.75	126	36.52
41009	313	101	32.27	127	40.58	85	27.16
41010	423	126	29.79	183	43.26	114	26.95
41011	394	125	31.73	125	31.73	144	36.55
41012	322	114	35.40	121	37.58	87	27.02
41013	407	115	28.26	162	39.80	130	31.94
41014	392	88	22.45	205	52.30	99	25.26
41015	424	142	33.49	166	39.15	116	27.36
41016	312	112	35.90	102	32.69	98	31.41
41017	341	97	28.45	139	40.76	105	30.79
41018	314	105	33.44	116	36.94	93	29.62
41019	394	99	25.13	195	49.49	100	25.38
41020	233	75	32.19	78	33.48	80	34.33
41021	349	100	28.65	141	40.40	108	30.95
41022	393	104	26.46	167	42.49	122	31.04
41023	311	111	35.69	102	32.80	98	31.51
41024	312	103	33.01	97	31.09	112	35.90
41025	150	65	43.33	47	31.33	38	25.33
41026	328	97	29.57	133	40.55	98	29.88
41027	200	72	36.00	69	34.50	59	29.50
41028	199	63	31.66	71	35.68	65	32.66
41029	140	57	40.71	38	27.14	45	32.14
41030	306	103	33.66	114	37.25	89	29.08
41031	429	129	30.07	187	43.59	113	26.34
41032	268	66	24.63	115	42.91	87	32.46
41033	314	94	29.94	117	37.26	103	32.80
41034	330	113	34.24	123	37.27	94	28.48
41035	408	115	28.19	152	37.25	141	34.56
41036	341	95	27.86	145	42.52	101	29.62
41037	369	115	31.17	141	38.21	113	30.62
41038	310	106	34.19	110	35.48	94	30.32
41039	372	110	29.57	158	42.47	104	27.96
41040	391	107	27.37	135	34.53	149	38.11
41041	366	120	32.79	123	33.61	123	33.61
41042	312	93	29.81	118	37.82	101	32.37
41043	362	113	31.22	148	40.88	101	27.90
41044	374	119	31.82	127	33.96	128	34.22
41045	304	96	31.58	124	40.79	84	27.63
41046	342	98	28.65	119	34.80	125	36.55
41047	335	84	25.07	154	45.97	97	28.96
42001	276	72	26.09	153	55.43	51	18.48
42002	216	75	34.72	105	48.61	36	16.67
42003	236	60	25.42	131	55.51	45	19.07
42004	381	110	28.87	193	50.66	78	20.47
42005	212	49	23.11	121	57.08	42	19.81
42006	376	129	34.31	172	45.74	75	19.95
42007	327	93	28.44	172	52.60	62	18.96
42008	278	80	28.78	151	54.32	47	16.91
42009	242	66	27.27	115	47.52	61	25.21
42010	316	79	25.00	167	52.85	70	22.15
42011	240	74	30.83	118	49.17	48	20.00
42012	247	60	24.29	131	53.04	56	22.67
42013	351	95	27.07	175	49.86	81	23.08
42014	247	68	27.53	120	48.58	59	23.89
42015	227	62	27.31	112	49.34	53	23.35
42016	263	73	27.76	135	51.33	55	20.91
42017	320	89	27.81	146	45.63	85	26.56
42018	157	42	26.75	78	49.68	37	23.57
42019	350	77	22.00	199	56.86	74	21.14
42020	257	68	26.46	115	44.75	74	28.79
42021	233	49	21.03	130	55.79	54	23.18
42022	110	25	22.73	57	51.82	28	25.45
42023	273	97	35.53	113	41.39	63	23.08
42024	270	76	28.15	146	54.07	48	17.78
42025	232	76	32.76	110	47.41	46	19.83
42026	335	111	33.13	151	45.07	73	21.79
42027	226	65	28.76	115	50.88	46	20.35
42028	377	141	37.40	178	47.21	58	15.38
42029	266	94	35.34	130	48.87	42	15.79
42030	311	65	20.90	192	61.74	54	17.36
42031	306	85	27.78	166	54.25	55	17.97
42032	253	71	28.06	106	41.90	76	30.04
42033	296	81	27.36	158	53.38	57	19.26
42034	278	89	32.01	136	48.92	53	19.06
42035	323	85	26.32	168	52.01	70	21.67
42036	321	88	27.41	156	48.60	77	23.99
42037	198	49	24.75	108	54.55	41	20.71
42038	241	62	25.73	127	52.70	52	21.58
42039	283	83	29.33	141	49.82	59	20.85
42040	311	95	30.55	152	48.87	64	20.58
42041	243	68	27.98	142	58.44	33	13.58
42042	374	88	23.53	196	52.41	90	24.06
43001	171	60	35.09	88	51.46	23	13.45
43002	285	53	18.60	170	59.65	62	21.75
43003	295	69	23.39	170	57.63	56	18.98
43004	291	69	23.71	164	56.36	58	19.93
43005	267	58	21.72	160	59.93	49	18.35
43006	177	34	19.21	113	63.84	30	16.95
43007	220	77	35.00	91	41.36	52	23.64
43008	205	47	22.93	118	57.56	40	19.51
43009	341	91	26.69	192	56.30	58	17.01
43010	370	69	18.65	232	62.70	69	18.65
43011	236	57	24.15	137	58.05	42	17.80
43012	189	45	23.81	106	56.08	38	20.11
43013	261	75	28.74	135	51.72	51	19.54
43014	379	74	19.53	234	61.74	71	18.73
43015	277	61	22.02	142	51.26	74	26.71
43016	282	66	23.40	153	54.26	63	22.34
43017	225	58	25.78	113	50.22	54	24.00
43018	363	87	23.97	191	52.62	85	23.42
43019	313	72	23.00	178	56.87	63	20.13
43020	335	62	18.51	201	60.00	72	21.49
43021	282	71	25.18	157	55.67	54	19.15
43022	194	33	17.01	119	61.34	42	21.65
43023	190	49	25.79	104	54.74	37	19.47
43024	239	63	26.36	133	55.65	43	17.99
43025	267	72	26.97	146	54.68	49	18.35
43026	228	47	20.61	130	57.02	51	22.37
43027	317	74	23.34	165	52.05	78	24.61
43028	342	92	26.90	186	54.39	64	18.71
43029	285	57	20.00	164	57.54	64	22.46
43030	298	74	24.83	147	49.33	77	25.84
43031	311	87	27.97	163	52.41	61	19.61
43032	308	66	21.43	168	54.55	74	24.03
43033	314	68	21.66	183	58.28	63	20.06
43034	222	34	15.32	138	62.16	50	22.52
43035	338	76	22.49	193	57.10	69	20.41
43036	137	38	27.74	65	47.45	34	24.82
43037	272	65	23.90	162	59.56	45	16.54
43038	254	58	22.83	147	57.87	49	19.29
43039	230	49	21.30	133	57.83	48	20.87
43040	174	52	29.89	94	54.02	28	16.09
43041	375	67	17.87	249	66.40	59	15.73
43042	269	57	21.19	163	60.59	49	18.22
43043	306	67	21.90	166	54.25	73	23.86
43044	280	62	22.14	174	62.14	44	15.71
43045	207	40	19.32	130	62.80	37	17.87
43046	139	24	17.27	72	51.80	43	30.94
44001	475	130	27.37	265	55.79	80	16.84
44002	355	67	18.87	231	65.07	57	16.06
44003	281	64	22.78	174	61.92	43	15.30
44004	322	81	25.16	179	55.59	62	19.25
44005	333	91	27.33	185	55.56	57	17.12
44006	395	79	20.00	246	62.28	70	17.72
44007	283	71	25.09	159	56.18	53	18.73
44008	388	90	23.20	241	62.11	57	14.69
44009	316	74	23.42	191	60.44	51	16.14
44010	276	65	23.55	161	58.33	50	18.12
44011	341	88	25.81	186	54.55	67	19.65
44012	362	97	26.80	200	55.25	65	17.96
44013	233	44	18.88	145	62.23	44	18.88
44014	267	65	24.34	158	59.18	44	16.48
44015	305	61	20.00	204	66.89	40	13.11
44016	350	63	18.00	221	63.14	66	18.86
44017	442	106	23.98	247	55.88	89	20.14
44018	285	68	23.86	162	56.84	55	19.30
44019	379	83	21.90	217	57.26	79	20.84
44020	263	49	18.63	159	60.46	55	20.91
44021	343	68	19.83	207	60.35	68	19.83
44022	373	94	25.20	219	58.71	60	16.09
44023	274	72	26.28	154	56.20	48	17.52
44024	273	60	21.98	183	67.03	30	10.99
44025	324	61	18.83	214	66.05	49	15.12
44026	378	89	23.54	232	61.38	57	15.08
44027	359	55	15.32	227	63.23	77	21.45
44028	286	73	25.52	158	55.24	55	19.23
44029	298	63	21.14	184	61.74	51	17.11
44030	397	78	19.65	254	63.98	65	16.37
44031	235	53	22.55	134	57.02	48	20.43
44032	374	70	18.72	236	63.10	68	18.18
44033	308	76	24.68	190	61.69	42	13.64
44034	367	94	25.61	205	55.86	68	18.53
44035	445	117	26.29	245	55.06	83	18.65
44036	297	66	22.22	180	60.61	51	17.17
44037	353	82	23.23	222	62.89	49	13.88
44038	266	63	23.68	145	54.51	58	21.80
44039	305	66	21.64	173	56.72	66	21.64
44040	283	56	19.79	164	57.95	63	22.26
44041	348	95	27.30	179	51.44	74	21.26
45001	235	53	22.55	135	57.45	47	20.00
45002	250	65	26.00	150	60.00	35	14.00
45003	277	57	20.58	177	63.90	43	15.52
45004	387	78	20.16	231	59.69	78	20.16
45005	322	81	25.16	195	60.56	46	14.29
45006	433	96	22.17	258	59.58	79	18.24
45007	430	115	26.74	225	52.33	90	20.93
45008	287	88	30.66	152	52.96	47	16.38
45009	280	84	30.00	141	50.36	55	19.64
45010	313	112	35.78	143	45.69	58	18.53
45011	198	57	28.79	107	54.04	34	17.17
45012	258	77	29.84	128	49.61	53	20.54
45013	290	72	24.83	153	52.76	65	22.41
45014	358	111	31.01	159	44.41	88	24.58
45015	405	112	27.65	207	51.11	86	21.23
45016	297	92	30.98	135	45.45	70	23.57
45017	344	100	29.07	168	48.84	76	22.09
45018	296	83	28.04	123	41.55	90	30.41
45019	141	49	34.75	63	44.68	29	20.57
45020	204	67	32.84	86	42.16	51	25.00
45021	302	83	27.48	138	45.70	81	26.82
45022	255	65	25.49	125	49.02	65	25.49
45023	291	87	29.90	129	44.33	75	25.77
45024	263	89	33.84	110	41.83	64	24.33
45025	212	57	26.89	95	44.81	60	28.30
45026	178	45	25.28	73	41.01	60	33.71
45027	304	94	30.92	130	42.76	80	26.32
45028	261	72	27.59	122	46.74	67	25.67
45029	203	77	37.93	83	40.89	43	21.18
45030	268	78	29.10	137	51.12	53	19.78
45031	234	61	26.07	122	52.14	51	21.79
45032	252	77	30.56	112	44.44	63	25.00
45033	211	57	27.01	105	49.76	49	23.22
45034	339	89	26.25	166	48.97	84	24.78
45035	355	101	28.45	175	49.30	79	22.25
45036	330	83	25.15	162	49.09	85	25.76
45037	295	97	32.88	121	41.02	77	26.10
45038	274	89	32.48	103	37.59	82	29.93
45039	304	96	31.58	137	45.07	71	23.36
45040	313	105	33.55	131	41.85	77	24.60
45041	284	93	32.75	116	40.85	75	26.41
45042	328	114	34.76	118	35.98	96	29.27
45043	314	125	39.81	122	38.85	67	21.34
45044	374	126	33.69	137	36.63	111	29.68
45045	199	66	33.17	76	38.19	57	28.64
45046	216	78	36.11	96	44.44	42	19.44
45047	221	72	32.58	90	40.72	59	26.70
45048	273	82	30.04	106	38.83	85	31.14
46001	292	62	21.23	190	65.07	40	13.70
46002	303	54	17.82	209	68.98	40	13.20
46003	396	91	22.98	235	59.34	70	17.68
46004	318	75	23.58	196	61.64	47	14.78
46005	338	68	20.12	218	64.50	52	15.38
46006	274	91	33.21	157	57.30	26	9.49
46007	398	121	30.40	226	56.78	51	12.81
46008	246	85	34.55	120	48.78	41	16.67
46009	359	71	19.78	209	58.22	79	22.01
46010	386	86	22.28	235	60.88	65	16.84
46011	302	94	31.13	141	46.69	67	22.19
46012	383	77	20.10	253	66.06	53	13.84
46013	291	55	18.90	189	64.95	47	16.15
46014	289	115	39.79	135	46.71	39	13.49
46015	271	60	22.14	162	59.78	49	18.08
46016	418	77	18.42	282	67.46	59	14.11
46017	413	113	27.36	234	56.66	66	15.98
46018	348	91	26.15	193	55.46	64	18.39
46019	258	74	28.68	141	54.65	43	16.67
46020	271	91	33.58	136	50.18	44	16.24
46021	183	43	23.50	110	60.11	30	16.39
46022	258	85	32.95	148	57.36	25	9.69
46023	266	78	29.32	159	59.77	29	10.90
46024	366	98	26.78	205	56.01	63	17.21
46025	339	98	28.91	208	61.36	33	9.73
46026	319	73	22.88	202	63.32	44	13.79
46027	395	107	27.09	227	57.47	61	15.44
46028	385	96	24.94	232	60.26	57	14.81
46029	284	75	26.41	163	57.39	46	16.20
46030	314	108	34.39	167	53.18	39	12.42
46031	280	65	23.21	170	60.71	45	16.07
46032	367	108	29.43	206	56.13	53	14.44
46033	358	85	23.74	205	57.26	68	18.99
46034	374	83	22.19	239	63.90	52	13.90
46035	339	105	30.97	188	55.46	46	13.57
46036	327	94	28.75	176	53.82	57	17.43
46037	247	64	25.91	135	54.66	48	19.43
46038	254	79	31.10	134	52.76	41	16.14
46039	295	89	30.17	162	54.92	44	14.92
46040	320	56	17.50	218	68.13	46	14.38
47001	218	10	4.59	181	83.03	27	12.39
47002	446	45	10.09	350	78.48	51	11.43
47003	451	62	13.75	345	76.50	44	9.76
47004	435	38	8.74	350	80.46	47	10.80
47005	404	50	12.38	307	75.99	47	11.63
47006	406	51	12.56	301	74.14	54	13.30
47007	317	36	11.36	242	76.34	39	12.30
47008	420	52	12.38	318	75.71	50	11.90
47009	337	47	13.95	243	72.11	47	13.95
47010	474	43	9.07	376	79.32	55	11.60
47011	333	49	14.71	232	69.67	52	15.62
47012	480	52	10.83	355	73.96	73	15.21
47013	392	50	12.76	297	75.77	45	11.48
47014	394	58	14.72	295	74.87	41	10.41
47015	449	62	13.81	337	75.06	50	11.14
47016	405	41	10.12	314	77.53	50	12.35
47017	386	63	16.32	269	69.69	54	13.99
47018	363	40	11.02	281	77.41	42	11.57
47019	439	53	12.07	347	79.04	39	8.88
47020	362	55	15.19	270	74.59	37	10.22
47021	379	37	9.76	303	79.95	39	10.29
47022	443	54	12.19	348	78.56	41	9.26
47023	441	54	12.24	341	77.32	46	10.43
47024	375	40	10.67	280	74.67	55	14.67
47025	430	35	8.14	337	78.37	58	13.49
47026	465	53	11.40	365	78.49	47	10.11
47027	356	44	12.36	281	78.93	31	8.71
47028	395	43	10.89	320	81.01	32	8.10
47029	383	46	12.01	294	76.76	43	11.23
47030	474	66	13.92	362	76.37	46	9.70
47031	377	52	13.79	287	76.13	38	10.08
47032	459	50	10.89	375	81.70	34	7.41
47033	327	35	10.70	253	77.37	39	11.93
47034	405	50	12.35	312	77.04	43	10.62
47035	422	56	13.27	302	71.56	64	15.17
47036	414	44	10.63	320	77.29	50	12.08
47037	440	51	11.59	332	75.45	57	12.95
47038	409	39	9.54	323	78.97	47	11.49
47039	401	46	11.47	320	79.80	35	8.73
47040	435	35	8.05	347	79.77	53	12.18
47041	436	50	11.47	352	80.73	34	7.80
47042	404	42	10.40	312	77.23	50	12.38
47043	374	42	11.23	290	77.54	42	11.23
47044	320	63	19.69	215	67.19	42	13.13
47045	394	34	8.63	332	84.26	28	7.11
47046	387	61	15.76	277	71.58	49	12.66
47047	411	46	11.19	315	76.64	50	12.17
47048	47	16	34.04	24	51.06	7	14.89
48001	302	66	21.85	197	65.23	39	12.91
48002	192	26	13.54	138	71.88	28	14.58
48003	337	107	31.75	185	54.90	45	13.35
48004	348	79	22.70	224	64.37	45	12.93
48005	247	56	22.67	165	66.80	26	10.53
48006	345	89	25.80	216	62.61	40	11.59
48007	314	60	19.11	213	67.83	41	13.06
48008	201	51	25.37	115	57.21	35	17.41
48009	210	64	30.48	107	50.95	39	18.57
48010	489	107	21.88	321	65.64	61	12.47
48011	334	62	18.56	236	70.66	36	10.78
48012	415	110	26.51	250	60.24	55	13.25
48013	425	128	30.12	230	54.12	67	15.76
48014	192	71	36.98	82	42.71	39	20.31
48015	179	52	29.05	109	60.89	18	10.06
48016	300	80	26.67	175	58.33	45	15.00
48017	319	94	29.47	192	60.19	33	10.34
48018	246	92	37.40	117	47.56	37	15.04
48019	269	58	21.56	168	62.45	43	15.99
48020	395	65	16.46	282	71.39	48	12.15
48021	399	130	32.58	228	57.14	41	10.28
48022	340	119	35.00	176	51.76	45	13.24
48023	345	93	26.96	207	60.00	45	13.04
48024	340	95	27.94	178	52.35	67	19.71
48025	344	55	15.99	245	71.22	44	12.79
48026	128	37	28.91	78	60.94	13	10.16
48027	287	87	30.31	167	58.19	33	11.50
48028	360	126	35.00	157	43.61	77	21.39
48029	226	75	33.19	125	55.31	26	11.50
48030	341	73	21.41	229	67.16	39	11.44
48031	345	111	32.17	187	54.20	47	13.62
48032	292	96	32.88	156	53.42	40	13.70
48033	223	64	28.70	119	53.36	40	17.94
48034	289	43	14.88	208	71.97	38	13.15
48035	232	84	36.21	108	46.55	40	17.24
48036	222	63	28.38	125	56.31	34	15.32
48037	315	73	23.17	204	64.76	38	12.06
48038	404	57	14.11	302	74.75	45	11.14
48039	293	79	26.96	174	59.39	40	13.65
48040	295	60	20.34	197	66.78	38	12.88
48041	336	99	29.46	195	58.04	42	12.50
48042	407	89	21.87	259	63.64	59	14.50
48043	334	87	26.05	190	56.89	57	17.07
48044	425	72	16.94	312	73.41	41	9.65
48045	263	49	18.63	173	65.78	41	15.59
48046	232	73	31.47	124	53.45	35	15.09
49001	197	89	45.18	87	44.16	21	10.66
49002	230	54	23.48	140	60.87	36	15.65
49003	397	105	26.45	237	59.70	55	13.85
49004	421	88	20.90	271	64.37	62	14.73
49005	397	134	33.75	208	52.39	55	13.85
49006	313	92	29.39	173	55.27	48	15.34
49007	296	66	22.30	191	64.53	39	13.18
49008	268	112	41.79	117	43.66	39	14.55
49009	351	104	29.63	204	58.12	43	12.25
49010	363	84	23.14	222	61.16	57	15.70
49011	407	129	31.70	228	56.02	50	12.29
49012	428	82	19.16	301	70.33	45	10.51
49013	361	103	28.53	210	58.17	48	13.30
49014	309	119	38.51	143	46.28	47	15.21
49015	220	69	31.36	125	56.82	26	11.82
49016	340	103	30.29	178	52.35	59	17.35
49017	237	61	25.74	139	58.65	37	15.61
49018	450	120	26.67	269	59.78	61	13.56
49019	252	104	41.27	119	47.22	29	11.51
49020	528	145	27.46	325	61.55	58	10.98
49021	182	62	34.07	100	54.95	20	10.99
49022	349	106	30.37	182	52.15	61	17.48
49023	428	111	25.93	267	62.38	50	11.68
49024	244	105	43.03	115	47.13	24	9.84
49025	441	114	25.85	259	58.73	68	15.42
49026	392	113	28.83	232	59.18	47	11.99
49027	355	112	31.55	197	55.49	46	12.96
49028	468	121	25.85	296	63.25	51	10.90
49029	420	111	26.43	267	63.57	42	10.00
49030	385	115	29.87	211	54.81	59	15.32
49031	277	95	34.30	134	48.38	48	17.33
49032	325	111	34.15	175	53.85	39	12.00
49033	289	99	34.26	162	56.06	28	9.69
50001	227	67	29.52	110	48.46	50	22.03
50002	148	53	35.81	77	52.03	18	12.16
50003	226	65	28.76	121	53.54	40	17.70
50004	258	93	36.05	134	51.94	31	12.02
50005	169	62	36.69	67	39.64	40	23.67
50006	281	98	34.88	138	49.11	45	16.01
50007	339	112	33.04	182	53.69	45	13.27
50008	213	72	33.80	112	52.58	29	13.62
50009	215	61	28.37	114	53.02	40	18.60
50010	184	74	40.22	78	42.39	32	17.39
50011	132	43	32.58	55	41.67	34	25.76
50012	113	40	35.40	46	40.71	27	23.89
50013	210	74	35.24	98	46.67	38	18.10
50014	87	26	29.89	42	48.28	19	21.84
50015	331	76	22.96	196	59.21	59	17.82
50016	79	29	36.71	39	49.37	11	13.92
50017	161	69	42.86	58	36.02	34	21.12
50018	61	25	40.98	25	40.98	11	18.03
50019	138	47	34.06	72	52.17	19	13.77
50020	255	79	30.98	132	51.76	44	17.25
50021	207	46	22.22	117	56.52	44	21.26
50022	162	48	29.63	79	48.77	35	21.60
50023	140	53	37.86	66	47.14	21	15.00
50024	167	55	32.93	69	41.32	43	25.75
50025	210	74	35.24	78	37.14	58	27.62
50026	202	61	30.20	110	54.46	31	15.35
50027	77	25	32.47	41	53.25	11	14.29
50028	239	90	37.66	103	43.10	46	19.25
50029	153	61	39.87	76	49.67	16	10.46
50030	145	47	32.41	69	47.59	29	20.00
50031	226	90	39.82	110	48.67	26	11.50
50032	199	74	37.19	101	50.75	24	12.06
50033	177	54	30.51	66	37.29	57	32.20
50034	334	78	23.35	195	58.38	61	18.26
50035	309	88	28.48	183	59.22	38	12.30
50036	270	83	30.74	141	52.22	46	17.04
50037	251	74	29.48	137	54.58	40	15.94
50038	135	52	38.52	63	46.67	20	14.81
50039	120	32	26.67	52	43.33	36	30.00
50040	232	74	31.90	87	37.50	71	30.60
